Name,Version,Author,CreatedUpdated,URL,Category,DependencyClass,RequiredModules,ThirdParty,DependencyEvidence,Confidence,SourceVisible,SourceType,Value,EffortSaved,Recommendation,Risk,UseCase,Workpack,Description,SourceChars
Activate Preloaded Scene,0.1.0,Adam Colon,Created 10 months ago,https://gamecreator.io/hub/QEC2LOG5V7OAmbuadvmG,Scenes,CORE_ONLY,,,source imports/types: GC2 Core + Unity only; Hub has no Dependencies badge,INFERRED_FROM_SOURCE,yes,Instruction,MEDIUM,MEDIUM,ADAPT,Consume AsyncOperation estática compartida; sin identidad de escena concurrente,Activar distrito precargado,GC2-06,Activates a preloaded Scene and triggers Success or Failure instructions,3298
Add Goal (Property),0.0.1,Marti,Created 3 years ago,https://gamecreator.io/hub/qJe9VoFuNNkFRFTWV5nQ,Behavior,REQUIRES_GC2_MODULE,Behavior,,Hub Dependencies: Behavior	2.0.1,CONFIRMED,yes,Instruction,MEDIUM,LOW,WATCH,"Behavior 2; Core de Behavior ya ofrece Add Goal, diferencia sólo propiedad dinámica",GOAP con nombre/objetivo dinámico,GC2-05,Adds a new Goal to the specified Action Plan using a dynamic property,2308
Advanced Instruction Template,1.0.0,wethecom,Created 10 months ago,https://gamecreator.io/hub/7r4hdQDb9Ga2sAQIwZbi,Advanced Instruction Template,CORE_ONLY,,,source imports/types: GC2 Core + Unity only; Hub has no Dependencies badge,INFERRED_FROM_SOURCE,yes,Tool / Editor,MEDIUM,MEDIUM,WATCH,Contiene UnityEditor y ventana Update; separar ensamblado Editor del runtime,Plantilla para autores de instrucciones,GC2-00 / tooling,Template instruction with editor window,18294
Build Dialogue From Text,0.0.1,wethecom,Created 3 months ago,https://gamecreator.io/hub/ObFYrBKs5XOdSJ8r5ibF,Dialogue,MULTIPLE_DEPENDENCIES,Dialogue,Game.DialogueActors (custom source/assembly; availability unknown),source namespace/type Dialogue; source using Game.DialogueActors,INFERRED_FROM_SOURCE,yes,Instruction,HIGH,HIGH,ADAPT,Dialogue 2; Game.DialogueActors no incluido; reflection de Node.m_Acting/Acting.m_Actor; borra nodos existentes; skin en editor,Pipeline de texto ramificado a Dialogue con actores,GC2-DIALOGUE-00 / GC2-03,"Parses a plain-text script (lines, 'Name:' speakers, '? choices' and '* options' with indented branches) into a real GC2 Dialogue on the target GameObject, then optionally plays it.",18276
Change Camera Avoid Clipping Settings,2.0.0,McKinley Massacre,Created 9 months ago,https://gamecreator.io/hub/8r7FpwBHnf47YrTLdFoT,Cameras,CORE_ONLY,,,source imports/types: GC2 Core + Unity only; Hub has no Dependencies badge,INFERRED_FROM_SOURCE,yes,Instruction,LOW,LOW,REJECT,Reflection de TCamera.m_Clip privado,Alterar cámara en runtime,GC2-00,Change any setting of the 'Avoid Clipping' field of a Camera,4252
Change Dialogue Node Duration,1.0.0,AKxvP7sou6YFTlnf90iyxpHcFHv2,Created 10 months ago,https://gamecreator.io/hub/EVkGbDJyAROkQhFM6WYY,Dialogue,REQUIRES_GC2_MODULE,Dialogue,,source namespace/type Dialogue,INFERRED_FROM_SOURCE,yes,Instruction,MEDIUM,MEDIUM,REJECT,Reflection de Node.m_Duration y m_Timeout privados,Duración de línea durante ejecución,GC2-03,Changes the node between until interaction or timeout,2975
Change Interact Radius,1.0.0,tkXxi4HLr0RSavSR9k3PsYjUfeD2,Created 5 years ago,https://gamecreator.io/hub/r6rFClMXwVHYiOoWWVU2,Characters,CORE_ONLY,,,source imports/types: GC2 Core + Unity only; Hub has no Dependencies badge,INFERRED_FROM_SOURCE,yes,Instruction,MEDIUM,LOW,WATCH,Confirmar diferenciación frente a opciones Core,Radio de interacción contextual,GC2-04,Changes the Character's Interact radius over time,2185
Character Facing Target,1.0.0,ieiCRBAUt8MbqXvgLZLYHwuICvJ2,Created 10 months ago,https://gamecreator.io/hub/hw3oHSoPJLBqKatDTQwL,Characters,CORE_ONLY,,,source imports/types: GC2 Core + Unity only; Hub has no Dependencies badge,INFERRED_FROM_SOURCE,yes,Condition,MEDIUM,LOW,WATCH,Comparar con Condition nativa y umbral,Comprobar orientación de actor hacia objetivo,GC2-02 / GC2-08,Returns true if the Character is facing the Target within a given angle threshold,2104
Check Object in Range,1.0.0,wethecom,Created 8 months ago,https://gamecreator.io/hub/07TRyuqi1hQD6db2VjVj,Custom,CORE_ONLY,,,source imports/types: GC2 Core + Unity only; Hub has no Dependencies badge,INFERRED_FROM_SOURCE,yes,Event,MEDIUM,LOW,WATCH,OnUpdate/OnFixedUpdate por instancia; no usar masivamente sin medición,Cambio de proximidad con estado para un actor,GC2-02 / GC2-05,Checks if a tracked object is within or outside a certain distance of the player and triggers an event. Tracks range status in a variable.,5343
Clear Dialogue Visits,1.0.1,Marti,Created 4 years ago,https://gamecreator.io/hub/ltMvKWIjfPt0B9xkSzzX,Dialogue,REQUIRES_GC2_MODULE,Dialogue,,Hub Dependencies: Dialogue	2.2.8,CONFIRMED,yes,Instruction,MEDIUM,LOW,WATCH,Dialogue 2; borrar historial local puede contradecir memoria Arkus,Reiniciar visitas de nodos Dialogue,GC2-03,Removes all remembered visited nodes from a Dialogue,1043
Collect Characters [Optimized],1.0.3,9oVMp731jNWyKwDY5AbZJis3yqC2,Created 3 years ago; Updated 3 years ago,https://gamecreator.io/hub/OVfFGcuzc3PQ5leWxyY9,Variables,CORE_ONLY,,,source imports/types: GC2 Core + Unity only; Hub has no Dependencies badge,INFERRED_FROM_SOURCE,yes,Instruction,LOW,LOW,WATCH,Se anuncia optimizado; Core ya tiene Collect Characters; medir antes de adoptar,Colección radial de personajes,GC2-06,Optimized version of the default 'Collect Characters' instruction,1870
Copy Filter List by List,0.1.1,fZKbbiSzlQSsMU2xFqjYL86HF7n1,Created 10 months ago; Updated 9 months ago,https://gamecreator.io/hub/gP8gMEsbTthhqPPFM5uv,Variables,CORE_ONLY,,,source imports/types: GC2 Core + Unity only; Hub has no Dependencies badge,INFERRED_FROM_SOURCE,yes,Instruction,MEDIUM,MEDIUM,WATCH,Comparar con operaciones nativas de Variables y coste de copia,Filtrar listas de objetivos,GC2-06,"Filters one List Variable using another List Variable as a whitelist or blacklist, with optional tag-based restriction",4814
Day Shift,1.0.1,FHKNVbz054SWzjipSjR37Fnqkai1,Created a year ago; Updated a year ago,https://gamecreator.io/hub/zEJgKjVyBiIJ8evyV7IU,Date & Time,CORE_ONLY,,,source imports/types: GC2 Core + Unity only; Hub has no Dependencies badge,INFERRED_FROM_SOURCE,yes,Instruction,LOW,LOW,IGNORE,No es calendario ni planificador; trivial Core,Avance de nombre de día,GC2-05,"Given a day name, outputs the next (or previous) day with wrap-around",6020
Delete Save Record,1.0.0,Enes Aksu,Created 10 months ago,https://gamecreator.io/hub/Lx6hZpJdQgLqLTqzCJ2W,Settings,CORE_ONLY,,,source imports/types: GC2 Core + Unity only; Hub has no Dependencies badge,INFERRED_FROM_SOURCE,yes,Instruction,LOW,LOW,WATCH,Operación delicada; comprobar contrato GC2 y autoridad Arkus,Borrado dirigido de un registro de guardado,GC2-06,Deletes a saved data record (slot+ID) from GC2's save storage. Works by SaveID or by reference to a save-aware variable. Returns whether deletion succeeded.,4928
Enter Reactive State,0.1.0,Vinicius,Created 10 months ago,https://gamecreator.io/hub/u9cluKDRZTueqmlu5utC,Characters,REQUIRES_GC2_MODULE,Abilities,,Hub Dependencies: Abilities	2.0.1,CONFIRMED,yes,Instruction,LOW,LOW,WATCH,Abilities 2; no necesidad actual probada,Activar ReactiveState de Abilities,GC2-07,Enters a ReactiveState using ReactiveStateOutput so notifies are processed,2570
Filter List [Optimized],1.0.3,Unknown,Created 3 years ago; Updated 3 years ago,https://gamecreator.io/hub/nJSXgyJ7V9U3a3ZWMJZz,Variables,CORE_ONLY,,,source imports/types: GC2 Core + Unity only; Hub has no Dependencies badge,INFERRED_FROM_SOURCE,yes,Instruction,LOW,LOW,WATCH,Optimización no demostrada frente a Core,Filtro de lista,GC2-06,Optimized version of the default 'Filter List' instruction,3040
Find Characters in Range and Fill List,1.0.3,wethecom,Created 3 years ago,https://gamecreator.io/hub/Y4OtAjrdiHNmk4e4N4dM,Objects,CORE_ONLY,,,source imports/types: GC2 Core + Unity only; Hub has no Dependencies badge,INFERRED_FROM_SOURCE,yes,Instruction,LOW,LOW,IGNORE,FindGameObjectsWithTag; Core ya tiene Collect Characters,Consulta de personajes en radio,GC2-06,"Finds all GameObjects with a specified tag within a specified range and fills a List Variable with them. This is useful for detecting characters or objects within a certain distance from a point of interest, like the player or a specific location in the game world.",2566
Find Objects With Tag,1.0.0,eg6ZmY7xoJZpldh5guabyL7t7Bd2,Created 9 days ago,https://gamecreator.io/hub/YMY57c7D3EFsHc8EuaIk,Variables,CORE_ONLY,,,source imports/types: GC2 Core + Unity only; Hub has no Dependencies badge,INFERRED_FROM_SOURCE,yes,Instruction,LOW,LOW,IGNORE,GameObject.FindGameObjectsWithTag al ejecutar; asigna y recorre escena,Buscar objetos etiquetados,GC2-06,Finds all active scene objects with a tag and stores them in a local list,1180
Flee,1.0.6,psychotoke,Created 5 months ago,https://gamecreator.io/hub/vzEcUA3UmIx5MJsb1f3E,Characters,REQUIRES_GC2_MODULE,Behavior,,source namespace/type Behavior,INFERRED_FROM_SOURCE,yes,Instruction,MEDIUM,MEDIUM,WATCH,Behavior 2 por source; no requiere sistema de ciudad ahora,Huida de actor ante peligro,GC2-08,Moves the Character toward a waypoint away from the Danger game object,5418
For Each in Radius,1.1.0,3LfYa75Jqecy3oYaciQzkc2NkA83,Created 8 months ago; Updated 6 months ago,https://gamecreator.io/hub/B0zttlE8GcXMrElOtYd5,Logic,CORE_ONLY,,,source imports/types: GC2 Core + Unity only; Hub has no Dependencies badge,INFERRED_FROM_SOURCE,yes,Instruction,HIGH,HIGH,ADAPT,OverlapSphereNonAlloc buffer 128; resultados truncados; buffers/lista static y await causan reentrancia,Acciones sobre grupos cercanos de NPC/objetos,GC2-05 / GC2-06,Finds ALL GameObjects within a radius and executes Actions for each one. No separate list needed!,8095
Force Third Person Alignment,1.0.0,Vinicius,Created 5 months ago,https://gamecreator.io/hub/rVECKGsQlGT6oEYCaZd0,Cameras,CORE_ONLY,,,source imports/types: GC2 Core + Unity only; Hub has no Dependencies badge,INFERRED_FROM_SOURCE,yes,Instruction,MEDIUM,LOW,WATCH,Comparar con control nativo de Shots; caso concreto cámara,Recentrar cámara tras transición,GC2-00 / GC2-08,Forces the active Third Person shot to align behind its pivot immediately,1542
Gather Target Candidates In Range,1.0.2,4pqrBxgKmMTxhBsBiu2F5KRrCyk1,Created 2 years ago,https://gamecreator.io/hub/MOLGwHr1L0VjwbaID8Wo,Character,CORE_ONLY,,,source imports/types: GC2 Core + Unity only; Hub has no Dependencies badge,INFERRED_FROM_SOURCE,yes,Instruction,LOW,LOW,IGNORE,Buffer static de 30 y finalidad de combate; no equivale a censo NPC,Candidatos de combate en radio,GC2-07,Captures all colliders matching the given tag in a radius around a Character and sets them as Target Candidates. Removes Target canditates that are no longer in the given radius.,4851
Generate Quest (Detailed),1.0.0,wethecom,Created a year ago,https://gamecreator.io/hub/bzXp3snWuLQS9ndGvqym,Quests,REQUIRES_GC2_MODULE,Quests,,source namespace/type Quests,INFERRED_FROM_SOURCE,yes,Instruction,LOW,LOW,IGNORE,"Produce cadenas, no Quest GC2; no reemplaza contenido narrativo autoral",Generador de texto para misión aleatoria,GC2-03,Generates a random quest and stores each part in separate string variables,43047
Get Index of Value in List,1.0.0,wo3ZKaBLSpb4dhrkFXkwiP3IJOp1,Created 9 months ago,https://gamecreator.io/hub/QuJi51FpGjKHto7rPRd1,Variables,CORE_ONLY,,,source imports/types: GC2 Core + Unity only; Hub has no Dependencies badge,INFERRED_FROM_SOURCE,yes,Instruction,LOW,LOW,WATCH,Conveniencia; verificar operación Core existente,Obtener posición en lista variable,GC2-05,Gets the index of a value in a list variable.,1554
Has Quest Started,1.0.0,psychotoke,Created 10 months ago,https://gamecreator.io/hub/SbrXnpJfm2snHGfdJsrB,Quests,REQUIRES_GC2_MODULE,Quests,,source namespace/type Quests,INFERRED_FROM_SOURCE,yes,Condition,MEDIUM,LOW,WATCH,Quests 2 por namespace y tipos; adopción aún no decidida,Condición de Quest iniciada previamente,GC2-03 / GC2-04,"Returns true if a Quest has been started at any point, regardless of current state (active, complete, abandoned, failed)",1736
Instructions Container,1.0.1,s2SmfxhmZneOMgwdm3ofj4wNPwA2,Created 4 years ago; Updated 4 years ago,https://gamecreator.io/hub/AwDpK3FxFthZ1JxyC9M9,Logic,CORE_ONLY,,,source imports/types: GC2 Core + Unity only; Hub has no Dependencies badge,INFERRED_FROM_SOURCE,yes,Instruction,MEDIUM,MEDIUM,WATCH,Comparar con Actions Core; ramas sin espera requieren orden explícito,Reuso de secuencias compuestas,GC2-02 / GC2-05,"Lets you create a group of instructions together as one whole instruction. You can use this for organizational purposes, or as a way to run instructions based off of conditions all in one big instruction",1792
Is Current State,0.1.0,oQqj8h7TJggQJPrgYiIv3L9kJ2H2,Created 4 months ago,https://gamecreator.io/hub/t6TTdBXKIDyeeOk3wwty,Behavior,REQUIRES_GC2_MODULE,Behavior,,source namespace/type Behavior,INFERRED_FROM_SOURCE,yes,Condition,MEDIUM,MEDIUM,REJECT,Reflection de Processor.m_Graph; incompatible con cambios privados,Consultar estado Behavior,GC2-05,Checks if the StateMachine's current state name is equal to a certain value,3386
Is Dialogue UI Open,1.0.2,j8q4opZUN6RhWNUz3kFLoKzU7Lx1,Created 4 years ago; Updated 4 years ago,https://gamecreator.io/hub/uNz1THHOmROGM7r3w0zD,Dialogue,REQUIRES_GC2_MODULE,Dialogue,,Hub Dependencies: Dialogue	2.0.6,CONFIRMED,yes,Condition,LOW,LOW,WATCH,Dialogue 2; conveniencia menor,Condición de ventana de diálogo,GC2-03,Returns true if the there is a Dialogue UI open,928
Is Quest Tracked,1.0.1,mjHNPZlihJawAefLSmLv1bZvjpS2,Created 3 years ago; Updated 3 years ago,https://gamecreator.io/hub/JJxAfr8XT6ELTsawvwC7,Quests,REQUIRES_GC2_MODULE,Quests,,source namespace/type Quests,INFERRED_FROM_SOURCE,yes,Condition,LOW,LOW,WATCH,Quests 2; ficha indica GC2 >=2.13.43,Estado de seguimiento de Quest,GC2-03,Returns true if a Quest from a Journal is tracked,1450
Load All selected Name Variables data from GC2 Save,1.2.9,dI3Syf1DK0N077VHf0ZEnn4imeP2,Created 10 months ago; Updated 9 months ago,https://gamecreator.io/hub/baEjwD88cx7yJeFVy4t7,Settings,CORE_ONLY,,,source imports/types: GC2 Core + Unity only; Hub has no Dependencies badge,INFERRED_FROM_SOURCE,yes,Instruction,LOW,MEDIUM,REJECT,Reflection sobre SaveLoadManager.m_Subscriptions y datos internos,Restauración selectiva variables,GC2-06,"Load all selected variables from GC2's native save system. Supports all variable types: LocalName, Local List, GlobalName, Global List",23729
"Load Game (No Scene Reload, Reflection)",0.1.0,Vinicius,Created 10 months ago,https://gamecreator.io/hub/jmyhJNqT2IKfFYMXetIs,Storage,CORE_ONLY,,,source imports/types: GC2 Core + Unity only; Hub has no Dependencies badge,INFERRED_FROM_SOURCE,yes,Instruction,MEDIUM,HIGH,REJECT,Reflection extensa de SaveLoadManager y campos privados; riesgo de corrupción de estado,Restauración sin recarga de escena,GC2-06,"Loads saved data from a slot without reloading the scene, via reflection on SaveLoadManager",5791
Load Name Variables data from GC2 Save,1.2.5,dI3Syf1DK0N077VHf0ZEnn4imeP2,Created 10 months ago; Updated 10 months ago,https://gamecreator.io/hub/S9ty7EeSeaDIEJiZ1gvN,Settings,CORE_ONLY,,,source imports/types: GC2 Core + Unity only; Hub has no Dependencies badge,INFERRED_FROM_SOURCE,yes,Instruction,LOW,MEDIUM,REJECT,Reflection de SaveLoadManager.m_Subscriptions y blob interno,Restaurar variables individuales,GC2-06,"Load variables from GC2's native save system. Supports all variable types: LocalName, LocalList, GlobalName, GlobalList",14553
Load Scene with Transition,1.0.2,z5E1YiPL6BOiwchFLEnsIgDQKPq1,Created 2 years ago; Updated a year ago,https://gamecreator.io/hub/YV5pShHrkuZo7ictgZaw,Transitions,THIRD_PARTY_DEPENDENCY,,Transitions Plus 4.0.0,Hub Dependencies: Transitions Plus	4.0.0,CONFIRMED,yes,Instruction,LOW,LOW,WATCH,Requiere Transitions Plus 4.0.0; comparar con Core y visual ART,Transición visual entre escenas,GC2-06,Loads a new scene using a Transition Plus effect,1750
Loop List Get Index,2.0.0,Quincy Huang,Created 3 years ago,https://gamecreator.io/hub/Mga98URmtWvxguS0tM7h,Variables,CORE_ONLY,,,source imports/types: GC2 Core + Unity only; Hub has no Dependencies badge,INFERRED_FROM_SOURCE,yes,Instruction,MEDIUM,LOW,WATCH,Core Loop List ya itera targets; sólo si índice material,Iterar lista con índice,GC2-05 / GC2-06,"Loops a Game Object List Variables and executes an Actions component for each value,And get the current index number",2134
Manage NPC Visibility and Pooling,0.0.1,tIMNHF7yYOcujDGd8oJ6MO6SuB63,Created 3 years ago,https://gamecreator.io/hub/VM7Fw6aHFuEau3Nc03l7,NPCs,CORE_ONLY,,,source imports/types: GC2 Core + Unity only; Hub has no Dependencies badge,INFERRED_FROM_SOURCE,yes,Runtime component / Other,HIGH,HIGH,REJECT,Autor declara alpha no probado; OnUpdate con NavMesh.SamplePosition y raycasts; no conserva identidad/rutina,Prototipo de población visible,GC2-06,"Alpha untested code to pool npc in the players blind spots and remove npc in blind spot that are to far away, this dosnt trigger anything it just runs",5991
Move To,0.1.2,wethecom,Created 10 months ago; Updated 10 months ago,https://gamecreator.io/hub/bUnseDRYhmxIYitZEmbT,Characters,CORE_ONLY,,,source imports/types: GC2 Core + Unity only; Hub has no Dependencies badge,INFERRED_FROM_SOURCE,yes,Instruction,LOW,LOW,WATCH,Core ya incluye Move To y manejo de fallo,Navegación con parada de emergencia adicional,GC2-05,Instructs the Character to move to a new location,5007
Move to Random Marker,1.0.0,wethecom,Created 3 years ago,https://gamecreator.io/hub/vMGN5lYfvHlWb53e0ndy,Ai,CORE_ONLY,,,source imports/types: GC2 Core + Unity only; Hub has no Dependencies badge,INFERRED_FROM_SOURCE,yes,Instruction,MEDIUM,MEDIUM,ADAPT,Movimiento a marcador con distancia literal 4; faltan horario y control causal,Itinerario aleatorio con espera,GC2-05,"Moves a character to a random marker from a local list, waits, and then completes",1763
Multiple NPCs See Player in Zone,1.0.1,wethecom,Created 10 months ago,https://gamecreator.io/hub/ukeiNdtViXxMnxUuclX5,AI,REQUIRES_GC2_MODULE,Perception,,source namespace/type Perception,INFERRED_FROM_SOURCE,yes,Event,MEDIUM,MEDIUM,REJECT,FindGameObjectsWithTag en comprobaciones; escala mal y repite percepción,Alerta colectiva de NPC,GC2-06 / GC2-08,Triggers when ANY NPC with a specific tag sees the player inside a trigger zone,15285
NPC Sees Player in Zone,1.0.0,wethecom,Created 10 months ago,https://gamecreator.io/hub/k162qO8V3U4UT93AXMvL,AI,REQUIRES_GC2_MODULE,Perception,,source namespace/type Perception,INFERRED_FROM_SOURCE,yes,Event,MEDIUM,MEDIUM,ADAPT,Perception 2; OnUpdate y comprobación repetida; calibrar intervalo y evento,Alerta espacial de un observador,GC2-08,Triggers continuously while NPC sees player inside a trigger zone,7064
On Any Task Activate From Quest,1.0.1,ieiCRBAUt8MbqXvgLZLYHwuICvJ2,Created 2 years ago; Updated 2 years ago,https://gamecreator.io/hub/hFpOFOmiGpfE50zMkHOj,Quests,REQUIRES_GC2_MODULE,Quests,,Hub Dependencies: Quests	2.3.8,CONFIRMED,yes,Event,MEDIUM,MEDIUM,USE,Quests 2; útil sólo si se adopta para subhistorias,Reacción al activarse tarea,GC2-03,Executes after any Task from a specified Quest is activated,2972
On Any Task Completed From Quest,1.0.1,ieiCRBAUt8MbqXvgLZLYHwuICvJ2,Created 2 years ago; Updated 2 years ago,https://gamecreator.io/hub/SuVJsBG9ztTZPl0z6lM7,Quests,REQUIRES_GC2_MODULE,Quests,,Hub Dependencies: Quests	2.3.8,CONFIRMED,yes,Event,MEDIUM,MEDIUM,USE,Quests 2; comprobar duplicados/reload,Reacción al completarse tarea,GC2-03,Executes after any Task from a specified Quest is completed,2973
On Buy from Merchant,1.0.3,Marti,Created 5 years ago; Updated 5 years ago,https://gamecreator.io/hub/a1FB3qKekSFKbRGTVjhw,Inventory,REQUIRES_GC2_MODULE,Inventory,,Hub Dependencies: Inventory	2.0.1,CONFIRMED,yes,Event,MEDIUM,MEDIUM,USE,Inventory 2; adoptar sólo si tienda/producto lo justifica,Reacción al comprar en Merchant,GC2-06,Executes after successfully purchasing an item from a specific Merchant,1631
On Close Target Bag UI,1.0.2,jBDyy5iRgBcDFHxUeKU7GFRJevz1,Created 2 months ago; Updated 2 months ago,https://gamecreator.io/hub/cWRmpvSCGXl1cGABYO82,Inventory,REQUIRES_GC2_MODULE,Inventory,,source namespace/type Inventory,INFERRED_FROM_SOURCE,yes,Event,MEDIUM,MEDIUM,USE,Inventory 2; distinguir bolsa exacta,Cierre contextual de bolsa de actor,GC2-04 / GC2-06,"Detects when a Bag UI is closed, but ONLY if the closed Bag belongs to the specifically targeted Character or GameObject.",1596
On Feel (Duration),1.0.0,wethecom,Created 10 months ago,https://gamecreator.io/hub/WN6HzG7YWCt2EthbW0ee,AI,REQUIRES_GC2_MODULE,Perception,,source namespace/type Perception,INFERRED_FROM_SOURCE,yes,Event,MEDIUM,MEDIUM,WATCH,Usa SensorFeel y evento nativo; seguimiento temporal por objeto y OnUpdate,Disparar tras duración de proximidad sentida,GC2-05 / GC2-08,Executed when the Perception feels another tracked game object for a specified duration,8878
On Idle,1.0.0,wethecom,Created 2 years ago,https://gamecreator.io/hub/DYpBfK7FspQW5Ch8zJMA,Path,CORE_ONLY,,,source imports/types: GC2 Core + Unity only; Hub has no Dependencies badge,INFERRED_FROM_SOURCE,yes,Event,LOW,LOW,WATCH,OnUpdate por actor; valorar señal/estado Core,Evento al quedar inactivo,GC2-05,Executes when the specified game object is idle for more than the defined amount of time,3119
On Luminance Compare,1.0.1,tIMNHF7yYOcujDGd8oJ6MO6SuB63,Created 3 years ago; Updated 3 years ago,https://gamecreator.io/hub/ski0WgcYxcwYk849pJrb,Perception,REQUIRES_GC2_MODULE,Perception,,source namespace/type Perception,INFERRED_FROM_SOURCE,yes,Event,LOW,LOW,WATCH,Perception 2; improbable necesidad salvo sigilo/luz,Evento por luminancia,GC2-08,Triggered when the Luminance value of a target matches a specified comparison,2912
On Open Target Bag UI,1.0.2,jBDyy5iRgBcDFHxUeKU7GFRJevz1,Created 2 months ago; Updated 2 months ago,https://gamecreator.io/hub/HTnB6hzVeFPprlIVo9iX,Inventory,REQUIRES_GC2_MODULE,Inventory,,source namespace/type Inventory,INFERRED_FROM_SOURCE,yes,Event,MEDIUM,MEDIUM,USE,Inventory 2; distinguir bolsa exacta,Reacción contextual al abrir bolsa de actor,GC2-04 / GC2-06,"Detects when a Bag UI is opened, but ONLY if the opened Bag belongs to the specifically targeted Character or GameObject.",1587
On Scene Load,1.0.0,Vinicius,Created a year ago,https://gamecreator.io/hub/SQdeuANmQul2YgGfYC2N,Scene,CORE_ONLY,,,source imports/types: GC2 Core + Unity only; Hub has no Dependencies badge,INFERRED_FROM_SOURCE,yes,Event,LOW,LOW,IGNORE,Core ya ofrece eventos de ciclo de escena,Evento de escena cargada,GC2-06,Executes when a scene is loaded,1054
On Sell from Merchant,1.0.2,Marti,Created 5 years ago; Updated 5 years ago,https://gamecreator.io/hub/ddbncR1ontvxShE5XnBw,Inventory,REQUIRES_GC2_MODULE,Inventory,,Hub Dependencies: Inventory	2.0.1,CONFIRMED,yes,Event,MEDIUM,MEDIUM,USE,Inventory 2; misma decisión causal de módulo,Reacción al vender en Merchant,GC2-06,Executes after successfully selling an item to a specific Merchant,1640
On Update Position Change With Threshold,1.0.1,wethecom,Created 3 years ago,https://gamecreator.io/hub/W4oao9qmaopvL6xckg7n,Variables,CORE_ONLY,,,source imports/types: GC2 Core + Unity only; Hub has no Dependencies badge,INFERRED_FROM_SOURCE,yes,Event,LOW,LOW,WATCH,OnUpdate por actor; medir frente a eventos existentes,Detección de desplazamiento por umbral,GC2-06,"Stores changes in GameObject's position in a named variable, ignoring small movements",1895
On Update Rate,1.0.1,Vinicius,Created 9 months ago,https://gamecreator.io/hub/nVlBink5S47a1rWCR5nF,Lifecycle,CORE_ONLY,,,source imports/types: GC2 Core + Unity only; Hub has no Dependencies badge,INFERRED_FROM_SOURCE,yes,Event,LOW,LOW,WATCH,OnUpdate se invoca cada frame; Core ya tiene On Interval; catch-up puede disparar varias acciones por frame,Evento de frecuencia fija con catch-up acotado,GC2-05,Executes at a fixed rate (Hz) using Time.deltaTime/Time.unscaledDeltaTime instead of per-frame,3139
Physics Trigger,1.0.0,Vinicius,Created a year ago,https://gamecreator.io/hub/txgsV52Zz5snYFQeYGxX,Physics,CORE_ONLY,,,source imports/types: GC2 Core + Unity only; Hub has no Dependencies badge,INFERRED_FROM_SOURCE,yes,Event,LOW,LOW,IGNORE,Core ya tiene On Trigger Enter/Exit/Stay,Eventos físicos con filtro,GC2-04,Executed when a game object enters or exits the Trigger collider (MORE OPTIMIZED THAN THE DEFAULT GC2 TRIGGER ENTER AND EXIT),8026
Play Gesture (Extended),0.1.0,35vkISRLXpM1tCRsYP6etOsCIbF3,Created 5 years ago,https://gamecreator.io/hub/y0GGWSuVKsxJ0OM74c8s,Characters,CORE_ONLY,,,source imports/types: GC2 Core + Unity only; Hub has no Dependencies badge,INFERRED_FROM_SOURCE,yes,Instruction,MEDIUM,LOW,WATCH,Core ya reproduce gestos; evaluar parámetros añadidos,Gestos de actuación NPC,GC2-03 / GC2-05,Plays an Animation Clip on a Character once. Some parameters were changed to variables.,3617
Play Speech,0.3.0,wethecom,Created 3 months ago,https://gamecreator.io/hub/PVDyxOL7sxTKuLbdFWXZ,Audio,CORE_ONLY,,,source imports/types: GC2 Core + Unity only; Hub has no Dependencies badge,INFERRED_FROM_SOURCE,yes,Instruction,MEDIUM,MEDIUM,WATCH,Voz fuera de alcance inmediato; filtro de audio crea float[] en callback,Voz opcional y timbre,GC2-03,"Plays an Audio Clip speech, optionally pitch/timbre-shifted to sound like a different voice",6782
Preload Scene,0.1.0,Adam Colon,Created 10 months ago,https://gamecreator.io/hub/AO3J4xiD3qZIe5YLjJJ3,Scenes,CORE_ONLY,,,source imports/types: GC2 Core + Unity only; Hub has no Dependencies badge,INFERRED_FROM_SOURCE,yes,Instruction,MEDIUM,MEDIUM,ADAPT,Una operación static global; falta coordinación de identidad y cancelación,Precarga aditiva de distrito/interior,GC2-06,Loads a Scene in the background without activating it,2399
Quest Filter,0.1.4,2ZBucQGYhHQKOjORPTC9LzeD1m22,Created 4 years ago; Updated 4 years ago,https://gamecreator.io/hub/7WB7xzpfg2zF7koPq5jW,Quests,REQUIRES_GC2_MODULE,Quests,,Hub Dependencies: Quests	2.0.1,CONFIRMED,yes,Runtime component / Other,LOW,LOW,IGNORE,Quests 2 ya dispone de UI y reglas de filtro,Filtrar Quests en UI,GC2-03,Filter the Quests on UI,1239
Raycast to Surface,1.1.1,eschwan90,Created 6 months ago; Updated 6 months ago,https://gamecreator.io/hub/TNeF4A9oXHzQ4UBkIUqz,Custom,CORE_ONLY,,,source imports/types: GC2 Core + Unity only; Hub has no Dependencies badge,INFERRED_FROM_SOURCE,yes,Instruction,MEDIUM,LOW,WATCH,Core dispone de operaciones físicas; medir diferencia real,Guardar impacto/superficie para interacción,GC2-04,"Casts a ray from a source position in a configurable direction until it hits a surface on the specified LayerMask. Stores the hit position and optionally the hit normal, hit GameObject and hit Character.",4153
Repeat Instructions With Interval,1.0.2,cwfjexuRjpQM07AO1iu92Muvg7F3,Created 10 months ago; Updated 10 months ago,https://gamecreator.io/hub/6YDH9FSPjzgdaeOEeQoQ,Custom,CORE_ONLY,,,source imports/types: GC2 Core + Unity only; Hub has no Dependencies badge,INFERRED_FROM_SOURCE,yes,Instruction,LOW,LOW,WATCH,Core tiene On Interval; valorar sólo si hace falta número finito,Bucle acotado con intervalo,GC2-05,"Runs a set of instructions a set number of times, with an interval between each run.",1996
Run Actions with Args,0.0.2,fBTVxvxhGrbPPUuP6h1ZW35FCip2,Created 4 years ago; Updated 4 years ago,https://gamecreator.io/hub/OMhE9O5rN06g15fuJvpt,Logic,CORE_ONLY,,,source imports/types: GC2 Core + Unity only; Hub has no Dependencies badge,INFERRED_FROM_SOURCE,yes,Instruction,HIGH,HIGH,USE,Evitar ciclos de acciones sin espera; Core Run Actions no expone ambos Args,Reutilizar acciones con Self y Target parametrizados,GC2-02 / GC2-05,Executes an Actions component object with variable Self and Target properties,2121
Run All Conditions,1.0.0,AKxvP7sou6YFTlnf90iyxpHcFHv2,Created 8 days ago,https://gamecreator.io/hub/iyYHAz8kkDt9EHeOg80H,Visual Scripting,CORE_ONLY,,,source imports/types: GC2 Core + Unity only; Hub has no Dependencies badge,INFERRED_FROM_SOURCE,yes,Instruction,LOW,LOW,REJECT,Reflection sobre campos privados y estados internos de BranchList,Ejecutar ramas de Conditions,GC2-02,Evaluates every branch in a Conditions component,3285
Run State Machine Runner Node Advanced,2.0.0,tfvbMZYo8vhPxFj3EaOZ5pjUyEp2,Created a year ago,https://gamecreator.io/hub/UOERh7YiqNVTojhgKNpl,State Machine,THIRD_PARTY_DEPENDENCY,,NinjutsuGames.StateMachine,source using NinjutsuGames.StateMachine.Runtime,INFERRED_FROM_SOURCE,yes,Instruction,LOW,LOW,WATCH,Depende de NinjutsuGames.StateMachine; no equivale a Behavior 2,Integrar runner externo de estados,GC2-05,"Executes a State Machine node from an specific target runner with the retargeting Target. By defailt, Self always refer to the SM",2163
Save and Load Scene by Layers,1.0.0,wethecom,Created 3 years ago,https://gamecreator.io/hub/H42GYUnT3XLyOSNHJeG9,Custom,CORE_ONLY,,,source imports/types: GC2 Core + Unity only; Hub has no Dependencies badge,INFERRED_FROM_SOURCE,yes,Instruction,MEDIUM,MEDIUM,REJECT,FindObjectsOfType global y archivo paralelo a Arkus/GC2; identidad y restitución no probadas,Persistir objetos por capa,GC2-06,Saves and loads GameObjects in the scene based on specified layers,3005
Save Can See Result,0.0.1,wethecom,Created 9 months ago,https://gamecreator.io/hub/DGO9JMao9QM3ihsOaRP8,Perception,REQUIRES_GC2_MODULE,Perception,,source namespace/type Perception,INFERRED_FROM_SOURCE,yes,Instruction,MEDIUM,MEDIUM,WATCH,Requiere Perception 2; verificar resultado y versión efectiva,Guardar resultado de visión para reacción,GC2-08,Checks if object can be seen by Perception and saves the result to a variable,2258
Set Audio Mixer Group Volume,1.0.1,Vinicius,Created 9 months ago,https://gamecreator.io/hub/oqQhPJybTSzHgZaiqRBd,Audio,CORE_ONLY,,,source imports/types: GC2 Core + Unity only; Hub has no Dependencies badge,INFERRED_FROM_SOURCE,yes,Instruction,MEDIUM,MEDIUM,USE,API Unity AudioMixer; validar rango 0–1 y curva perceptual,Transiciones de mezcla audio,GC2-03 / ART-UI-01,Transitions an Audio Mixer exposed volume parameter from its current value to a target volume (0-1) using linear gain (converted to dB internally),3271
Set Character Interaction Mode,0.1.1,7eCsGYCk87QkgsPIV3S1LhgPYey1,Created 3 years ago,https://gamecreator.io/hub/6iH5NF3oN7KFg1GvXQEI,Characters,CORE_ONLY,,,source imports/types: GC2 Core + Unity only; Hub has no Dependencies badge,INFERRED_FROM_SOURCE,yes,Instruction,MEDIUM,LOW,WATCH,Confirmar diferenciación frente a interacción Core,Cambiar modo contextual de interacción,GC2-04,Changes the interaction behavior of the Character,1691
Set Feel Radius,0.0.1,isiD4yhoEYOo8AjcRzxryuKoMGE2,Created a year ago,https://gamecreator.io/hub/Y8SgCY7wf9TyUt3gWWxZ,Perception,REQUIRES_GC2_MODULE,Perception,,source namespace/type Perception,INFERRED_FROM_SOURCE,yes,Runtime component / Other,MEDIUM,LOW,WATCH,Perception 2; validar APIs y coste,Ajustar rango de sensor Feel,GC2-05 / GC2-08,Built-in,1548
Set NavMesh Agent Priority,0.1.2,jvxnfmsM87RbmkoPo2ddbuNiWiD2,Created 3 years ago,https://gamecreator.io/hub/yzQ616aN2GrbFnOE14zs,Characters,CORE_ONLY,,,source imports/types: GC2 Core + Unity only; Hub has no Dependencies badge,INFERRED_FROM_SOURCE,yes,Instruction,LOW,LOW,REJECT,Reflection del campo privado m_AvoidPriority,Prioridad de evasión NavMesh,GC2-06,Changes the Avoidance Priority field of a Navmesh Agent,1777
Simple Field Of View,1.0.0,Vinicius,Created 4 years ago,https://gamecreator.io/hub/QMX723oKvbsnyiCAyUVl,Physics 3D,CORE_ONLY,,,source imports/types: GC2 Core + Unity only; Hub has no Dependencies badge,INFERRED_FROM_SOURCE,yes,Instruction,LOW,LOW,IGNORE,OverlapSphere alloc y raycast; Perception 2 ofrece Sight configurable,Consulta FOV de un objetivo,GC2-08,"Create a field of view with raycast ( Angle, radius and layers ). Useful for creating A.I. This version supports detection of only one target.)",3709
Start Following By Variables,1.0.1,Ryane,Created 4 years ago; Updated 4 years ago,https://gamecreator.io/hub/wpl76uFldP8fd7OQmzbk,Characters,CORE_ONLY,,,source imports/types: GC2 Core + Unity only; Hub has no Dependencies badge,INFERRED_FROM_SOURCE,yes,Instruction,MEDIUM,LOW,WATCH,Core ya incluye Start Following; usar sólo por parámetros extra,Seguimiento con parámetros dinámicos,GC2-08,Instructs a Character to follow another game object,2119
Switch (String),1.0.0,Vinicius,Created 5 months ago,https://gamecreator.io/hub/HGbYRSfIU9cH1xF4WaXX,Visual Scripting,CORE_ONLY,,,source imports/types: GC2 Core + Unity only; Hub has no Dependencies badge,INFERRED_FROM_SOURCE,yes,Instruction,MEDIUM,MEDIUM,USE,Cuidar defaults y crecimiento de ramas; Core no ofrece este switch en una instrucción,Ramas de evento según estado textual,GC2-02 / GC2-05,Runs one case branch based on a string value. Works like a switch-case-default statement in one instruction.,3824
Text with Dialog System,1.0.0,wethecom,Created a year ago,https://gamecreator.io/hub/vSWAkWLq6swgRv1Xtv4f,UI,CORE_ONLY,,,source imports/types: GC2 Core + Unity only; Hub has no Dependencies badge,INFERRED_FROM_SOURCE,yes,Instruction,MEDIUM,MEDIUM,WATCH,UI propia con TMP; comparar con lenguaje visual ART-UI-01,Diálogo secuencial ligero sin módulo,GC2-DIALOGUE-00,Displays text as a dialog with sentence-by-sentence progression,3859
Track by Layers Optimized,0.0.1,ZWtIOtQGDWgwZ3DDjhGn1gJvGuB2,Created 2 years ago,https://gamecreator.io/hub/HGUozuNHIFA47LawVu8t,Arcane,REQUIRES_GC2_MODULE,Perception,,source namespace/type Perception,INFERRED_FROM_SOURCE,yes,Instruction,MEDIUM,MEDIUM,REJECT,FindObjectsByType global al refrescar caché; obsolescencia de altas/bajas,Caché de objetivos para Perception,GC2-06,Starts tracking all game objects on a specified layer (using a cached list for performance),3228
Trigger At Specific Time,0.1.2,wethecom,Created 3 years ago; Updated 3 years ago,https://gamecreator.io/hub/c1jgU1m4kjJirL5a82qV,Time,CORE_ONLY,,,source imports/types: GC2 Core + Unity only; Hub has no Dependencies badge,INFERRED_FROM_SOURCE,yes,Event,MEDIUM,LOW,REJECT,"Usa DateTime.Now del dispositivo cada frame, no reloj del juego; hardcode HH:mm",Hora de disparo de eventos,GC2-05,Triggers an event at a specified time of day,2546
Vision Detection,1.0.1,wethecom,Created 3 years ago; Updated 3 years ago,https://gamecreator.io/hub/P37AWWGAF3zPhxDDvDqV,AI,CORE_ONLY,,,source imports/types: GC2 Core + Unity only; Hub has no Dependencies badge,INFERRED_FROM_SOURCE,yes,Runtime component / Other,MEDIUM,MEDIUM,REJECT,"FixedUpdate, FindGameObjectWithTag y asignaciones de malla; Perception nativo cubre visión",Cono visual casero,GC2-08,AI vision,7818
Wait Variable Timer,0.1.0,Enes Aksu,Created a year ago,https://gamecreator.io/hub/oZoeazBRA45yvlHIjXPj,Time,CORE_ONLY,,,source imports/types: GC2 Core + Unity only; Hub has no Dependencies badge,INFERRED_FROM_SOURCE,yes,Instruction,LOW,LOW,REJECT,Invoca Instruction.Run no público mediante reflection,Espera de tiempo variable,GC2-05,"Waits for a duration defined by a variable and updates another variable each tick. Supports increment, decrement, or setting the remaining time. Executes an action when the timer completes.",5431
Wander,1.0.3,tIMNHF7yYOcujDGd8oJ6MO6SuB63,Created 3 years ago; Updated 3 years ago,https://gamecreator.io/hub/vn2KnRV5MS4Eq7YYGfHA,Characters,CORE_ONLY,,,source imports/types: GC2 Core + Unity only; Hub has no Dependencies badge,INFERRED_FROM_SOURCE,yes,Instruction,MEDIUM,LOW,WATCH,NavMesh Agent; no resuelve horario ni POI; código viejo,Paseo aleatorio NavMesh,GC2-05,"[Requires NavMesh Agent] Sets a target destination for the character using the character's NavMeshAgent, then moves the character to that location.",2983
Wander Prefered Paths,3.0.1,wethecom,Created 2 years ago; Updated 2 years ago,https://gamecreator.io/hub/qKncnMkkyxzBQf16LFfk,$wethcom,CORE_ONLY,,,source imports/types: GC2 Core + Unity only; Hub has no Dependencies badge,INFERRED_FROM_SOURCE,yes,Instruction,MEDIUM,MEDIUM,ADAPT,Ordena aleatoriamente listas y logs; necesita autoridad de horario/POI y validación de ruta,Rutas de paseo con hitos,GC2-05,"Iterates through all waypoints of a path before selecting the next path with randomness. Executes actions if the end of all ways is reached. you will need to make a gameboject path with ways as children and a gameobject patrol as a parent of all of it, this will be on github under wethcom with details",5805
