source	clip	length	humanMotion	hasRootCurves	avgSpeed	avgVelocity
UAL1	Armature|Idle_Scissors	3,13	True	True	0,000	(0.00, 0.00, 0.00)
UAL1	Armature|Idle_Tired_Loop	2,30	True	True	0,000	(0.00, 0.00, 0.00)
UAL1	Armature|Jog_Fwd_Loop	0,93	True	True	0,000	(0.00, 0.00, 0.00)
UAL1	Armature|Jog_Right_Loop	0,93	True	True	0,000	(0.00, 0.00, 0.00)
UAL1	Armature|Hit_Head	0,43	True	True	0,000	(0.00, 0.00, 0.00)
UAL1	Armature|Crouch_Fwd_L_Loop	2,00	True	True	0,000	(0.00, 0.00, 0.00)
UAL1	Armature|Sprint_Enter	0,87	True	True	0,000	(0.00, 0.00, 0.00)
UAL1	Armature|Crawl_Exit	2,00	True	True	0,000	(0.00, 0.00, 0.00)
UAL1	Armature|Crouch_Idle_Loop	2,93	True	True	0,000	(0.00, 0.00, 0.00)
UAL1	Armature|ClimbLedge	0,63	True	True	0,000	(0.00, 0.00, 0.00)
UAL1	Armature|Climb_Enter	1,47	True	True	0,000	(0.00, 0.00, 0.00)
UAL1	Armature|Counter_Exit	1,17	True	True	0,000	(0.00, 0.00, 0.00)
UAL1	Armature|Push_Enter	0,67	True	True	0,000	(0.00, 0.00, 0.00)
UAL1	Armature|Idle_Torch_Loop	1,27	True	True	0,000	(0.00, 0.00, 0.00)
UAL1	Armature|Punch_Jab	0,87	True	True	0,000	(0.00, 0.00, 0.00)
UAL1	Armature|Crouch_Exit	0,83	True	True	0,000	(0.00, 0.00, 0.00)
UAL1	Armature|Walk_Loop	1,33	True	True	0,000	(0.00, 0.00, 0.00)
UAL1	Armature|Jog_Bwd_R_Loop	0,93	True	True	0,000	(0.00, 0.00, 0.00)
UAL1	Armature|Sitting_Idle_Loop	1,67	True	True	0,000	(0.00, 0.00, 0.00)
UAL1	Armature|Dodge_Right	1,30	True	True	0,000	(0.00, 0.00, 0.00)
UAL1	Armature|Driving_Loop	1,67	True	True	0,000	(0.00, 0.00, 0.00)
UAL1	Armature|Death02	2,47	True	True	0,000	(0.00, 0.00, 0.00)
UAL1	Armature|Crouch_Bwd_L_Loop	2,00	True	True	0,000	(0.00, 0.00, 0.00)
UAL1	Armature|Spell_Simple_Enter	0,53	True	True	0,000	(0.00, 0.00, 0.00)
UAL1	Armature|Spell_Simple_Shoot	0,50	True	True	0,000	(0.00, 0.00, 0.00)
UAL1	Armature|Crouch_Left_Loop	2,00	True	True	0,000	(0.00, 0.00, 0.00)
UAL1	Armature|Pistol_Aim_Down	0,17	True	True	0,000	(0.00, 0.00, 0.00)
UAL1	Armature|Sprint_Loop	0,67	True	True	0,000	(0.00, 0.00, 0.00)
UAL1	Armature|Crouch_Right_Loop	2,00	True	True	0,000	(0.00, 0.00, 0.00)
UAL1	Armature|Pistol_Idle_Loop	1,67	True	True	0,000	(0.00, 0.00, 0.00)
UAL1	Armature|Spell_Simple_Exit	0,43	True	True	0,000	(0.00, 0.00, 0.00)
UAL1	Armature|Pistol_Reload	1,67	True	True	0,000	(0.00, 0.00, 0.00)
UAL1	Armature|Crouch_Enter	0,83	True	True	0,000	(0.00, 0.00, 0.00)
UAL1	Armature|Spell_Double_Shoot_Loop	0,27	True	True	0,000	(0.00, 0.00, 0.00)
UAL1	Armature|Counter_Show	4,67	True	True	0,000	(0.00, 0.00, 0.00)
UAL1	Armature|Counter_Idle_Loop	2,67	True	True	0,000	(0.00, 0.00, 0.00)
UAL1	Armature|Crouch_Fwd_R_Loop	2,00	True	True	0,000	(0.00, 0.00, 0.00)
UAL1	Armature|Jump_Loop	2,50	True	True	0,000	(0.00, 0.00, 0.00)
UAL1	Armature|GroundSit_Exit	2,17	True	True	0,000	(0.00, 0.00, 0.00)
UAL1	Armature|Sword_Attack_Standing	1,53	True	True	0,000	(0.00, 0.00, 0.00)
UAL1	Armature|Crying	4,83	True	True	0,000	(0.00, 0.00, 0.00)
UAL1	Armature|Pistol_Aim_Up	0,17	True	True	0,000	(0.00, 0.00, 0.00)
UAL1	Armature|Climb_Up_Loop	1,27	True	True	0,000	(0.00, 0.00, 0.00)
UAL1	Armature|Sword_Attack	1,53	True	True	0,000	(0.00, 0.00, 0.00)
UAL1	Armature|PickUp_Kneeling	1,93	True	True	0,000	(0.00, 0.00, 0.00)
UAL1	Armature|Interact	2,00	True	True	0,000	(0.00, 0.00, 0.00)
UAL1	Armature|Jog_Bwd_Loop	0,93	True	True	0,000	(0.00, 0.00, 0.00)
UAL1	Armature|Turn90_R	2,00	True	True	0,000	(0.00, 0.00, 0.00)
UAL1	Armature|Hit_Shoulder_L	0,53	True	True	0,000	(0.00, 0.00, 0.00)
UAL1	Armature|Jump_Start	1,33	True	True	0,000	(0.00, 0.00, 0.00)
UAL1	Armature|Crawl_Bwd_Loop	2,50	True	True	0,000	(0.00, 0.00, 0.00)
UAL1	Armature|Idle_Paper	3,13	True	True	0,000	(0.00, 0.00, 0.00)
UAL1	Armature|Jog_Left_Loop	0,93	True	True	0,000	(0.00, 0.00, 0.00)
UAL1	Armature|Crawl_Left_Loop	1,27	True	True	0,000	(0.00, 0.00, 0.00)
UAL1	Armature|Counter_Enter	1,17	True	True	0,000	(0.00, 0.00, 0.00)
UAL1	Armature|Crawl_Fwd_Loop	2,17	True	True	0,000	(0.00, 0.00, 0.00)
UAL1	Armature|Idle_Rock	3,13	True	True	0,000	(0.00, 0.00, 0.00)
UAL1	Armature|Pistol_Aim_Neutral	0,17	True	True	0,000	(0.00, 0.00, 0.00)
UAL1	Armature|Jog_Fwd_R_Loop	0,93	True	True	0,000	(0.00, 0.00, 0.00)
UAL1	Armature|Spell_Double_Enter	0,63	True	True	0,000	(0.00, 0.00, 0.00)
UAL1	Armature|Hit_Chest	0,33	True	True	0,000	(0.00, 0.00, 0.00)
UAL1	Armature|Spell_Double_Idle_Loop	2,10	True	True	0,000	(0.00, 0.00, 0.00)
UAL1	Armature|Crawl_Right_Loop	1,27	True	True	0,000	(0.00, 0.00, 0.00)
UAL1	Armature|Drink	3,00	True	True	0,000	(0.00, 0.00, 0.00)
UAL1	Armature|PunchKick_Exit	0,67	True	True	0,000	(0.00, 0.00, 0.00)
UAL1	Armature|Crouch_Bwd_Loop	2,00	True	True	0,000	(0.00, 0.00, 0.00)
UAL1	Armature|Sitting_Exit	1,03	True	True	0,000	(0.00, 0.00, 0.00)
UAL1	Armature|Turn90_L	2,00	True	True	0,000	(0.00, 0.00, 0.00)
UAL1	Armature|Jog_Fwd_LeanL_Loop	0,93	True	True	0,000	(0.00, 0.00, 0.00)
UAL1	Armature|Hit_Shoulder_R	0,50	True	True	0,000	(0.00, 0.00, 0.00)
UAL1	Armature|Jog_Fwd_LeanR_Loop	0,93	True	True	0,000	(0.00, 0.00, 0.00)
UAL1	Armature|Sitting_Nodding_Loop	2,93	True	True	0,000	(0.00, 0.00, 0.00)
UAL1	Armature|Jog_Fwd_L_Loop	0,93	True	True	0,000	(0.00, 0.00, 0.00)
UAL1	Armature|Climb_Idle_Loop	2,93	True	True	0,000	(0.00, 0.00, 0.00)
UAL1	Armature|GroundSit_Idle_Loop	1,33	True	True	0,000	(0.00, 0.00, 0.00)
UAL1	Armature|Swim_Idle_Loop	3,33	True	True	0,000	(0.00, 0.00, 0.00)
UAL1	Armature|Hit_Stomach	0,67	True	True	0,000	(0.00, 0.00, 0.00)
UAL1	Armature|Punch_Cross	1,00	True	True	0,000	(0.00, 0.00, 0.00)
UAL1	Armature|Sitting_Idle02_Loop	2,50	True	True	0,000	(0.00, 0.00, 0.00)
UAL1	Armature|Sword_Exit	1,30	True	True	0,000	(0.00, 0.00, 0.00)
UAL1	Armature|Dodge_Left	1,30	True	True	0,000	(0.00, 0.00, 0.00)
UAL1	Armature|Pistol_Shoot	0,63	True	True	0,000	(0.00, 0.00, 0.00)
UAL1	Armature|Climb_Down_Loop	1,27	True	True	0,000	(0.00, 0.00, 0.00)
UAL1	Armature|PickUp_Table	0,83	True	True	0,000	(0.00, 0.00, 0.00)
UAL1	Armature|Push_Loop	2,67	True	True	0,000	(0.00, 0.00, 0.00)
UAL1	Armature|Roll	1,47	True	True	0,000	(0.00, 0.00, 0.00)
UAL1	Armature|Death01	2,40	True	True	0,000	(0.00, 0.00, 0.00)
UAL1	Armature|Fixing_Kneeling	5,20	True	True	0,000	(0.00, 0.00, 0.00)
UAL1	Armature|Spell_Simple_Idle_Loop	2,10	True	True	0,000	(0.00, 0.00, 0.00)
UAL1	Armature|Spell_Double_Exit	0,63	True	True	0,000	(0.00, 0.00, 0.00)
UAL1	Armature|Crouch_Fwd_Loop	2,00	True	True	0,000	(0.00, 0.00, 0.00)
UAL1	Armature|Sitting_Talking_Loop	2,93	True	True	0,000	(0.00, 0.00, 0.00)
UAL1	Armature|Sword_Enter	1,30	True	True	0,000	(0.00, 0.00, 0.00)
UAL1	Armature|Jump_Land	1,27	True	True	0,000	(0.00, 0.00, 0.00)
UAL1	Armature|A_TPose	2,50	True	True	0,000	(0.00, 0.00, 0.00)
UAL1	Armature|Climb_Exit	1,47	True	True	0,000	(0.00, 0.00, 0.00)
UAL1	Armature|BackFlip	1,93	True	True	0,000	(0.00, 0.00, 0.00)
UAL1	Armature|Kick	1,10	True	True	0,000	(0.00, 0.00, 0.00)
UAL1	Armature|Climb_Right_Loop	0,87	True	True	0,000	(0.00, 0.00, 0.00)
UAL1	Armature|Swim_Fwd_Loop	1,33	True	True	0,000	(0.00, 0.00, 0.00)
UAL1	Armature|Sprint_Exit	1,67	True	True	0,000	(0.00, 0.00, 0.00)
UAL1	Armature|Counter_Angry	2,00	True	True	0,000	(0.00, 0.00, 0.00)
UAL1	Armature|Walk_Formal_Loop	1,33	True	True	0,000	(0.00, 0.00, 0.00)
UAL1	Armature|Idle_Talking_Loop	2,93	True	True	0,000	(0.00, 0.00, 0.00)
UAL1	Armature|Climb_Left_Loop	0,87	True	True	0,000	(0.00, 0.00, 0.00)
UAL1	Armature|Crawl_Enter	2,13	True	True	0,000	(0.00, 0.00, 0.00)
UAL1	Armature|Jog_Bwd_L_Loop	0,93	True	True	0,000	(0.00, 0.00, 0.00)
UAL1	Armature|Idle_LookAround_Loop	4,60	True	True	0,000	(0.00, 0.00, 0.00)
UAL1	Armature|Push_Exit	1,20	True	True	0,000	(0.00, 0.00, 0.00)
UAL1	Armature|Counter_Give	4,37	True	True	0,000	(0.00, 0.00, 0.00)
UAL1	Armature|Sitting_Idle03_Loop	4,17	True	True	0,000	(0.00, 0.00, 0.00)
UAL1	Armature|Sitting_Enter	1,30	True	True	0,000	(0.00, 0.00, 0.00)
UAL1	Armature|PunchKick_Enter	0,67	True	True	0,000	(0.00, 0.00, 0.00)
UAL1	Armature|Idle_Loop	2,50	True	True	0,000	(0.00, 0.00, 0.00)
UAL1	Armature|Sword_Idle	1,67	True	True	0,000	(0.00, 0.00, 0.00)
UAL1	Armature|Celebration	4,00	True	True	0,000	(0.00, 0.00, 0.00)
UAL1	Armature|Dance_Loop	1,00	True	True	0,000	(0.00, 0.00, 0.00)
UAL1	Armature|GroundSit_Enter	2,50	True	True	0,000	(0.00, 0.00, 0.00)
UAL1	Armature|Crouch_Bwd_R_Loop	2,37	True	True	0,000	(0.00, 0.00, 0.00)
UAL1	Armature|Crawl_Idle_Loop	2,33	True	True	0,000	(0.00, 0.00, 0.00)
UAL1_RM	Armature|Idle_Scissors	3,13	True	True	0,000	(0.00, 0.00, 0.00)
UAL1_RM	Armature|Idle_Tired_Loop	2,30	True	True	0,000	(0.00, 0.00, 0.00)
UAL1_RM	Armature|Jog_Fwd_Loop	0,93	True	True	4,830	(0.00, 0.00, 4.83)
UAL1_RM	Armature|Jog_Right_Loop	0,93	True	True	3,120	(2.82, 0.00, -1.33)
UAL1_RM	Armature|Hit_Head	0,43	True	True	0,019	(-0.01, 0.00, 0.02)
UAL1_RM	Armature|Crouch_Fwd_L_Loop	2,00	True	True	0,860	(-0.43, 0.00, 0.75)
UAL1_RM	Armature|Sprint_Enter	0,87	True	True	2,355	(-0.30, -0.05, 2.34)
UAL1_RM	Armature|Crawl_Exit	2,00	True	True	0,418	(0.00, 0.42, 0.04)
UAL1_RM	Armature|Crouch_Idle_Loop	2,93	True	True	0,000	(0.00, 0.00, 0.00)
UAL1_RM	Armature|ClimbLedge	0,63	True	True	3,737	(0.09, 3.72, -0.28)
UAL1_RM	Armature|Climb_Enter	1,47	True	True	0,137	(-0.04, 0.05, 0.12)
UAL1_RM	Armature|Counter_Exit	1,17	True	True	0,288	(0.08, -0.01, -0.28)
UAL1_RM	Armature|Push_Enter	0,67	True	True	0,292	(-0.02, -0.29, -0.05)
UAL1_RM	Armature|Idle_Torch_Loop	1,27	True	True	0,000	(0.00, 0.00, 0.00)
UAL1_RM	Armature|Punch_Jab	0,87	True	True	0,036	(0.03, 0.00, 0.01)
UAL1_RM	Armature|Crouch_Exit	0,83	True	True	0,470	(0.06, 0.47, 0.01)
UAL1_RM	Armature|Walk_Loop	1,33	True	True	0,953	(-0.01, 0.00, 0.95)
UAL1_RM	Armature|Jog_Bwd_R_Loop	0,93	True	True	4,369	(0.66, 0.00, -4.32)
UAL1_RM	Armature|Sitting_Idle_Loop	1,67	True	True	0,000	(0.00, 0.00, 0.00)
UAL1_RM	Armature|Dodge_Right	1,30	True	True	1,510	(1.45, 0.32, -0.30)
UAL1_RM	Armature|Driving_Loop	1,67	True	True	0,000	(0.00, 0.00, 0.00)
UAL1_RM	Armature|Death02	2,47	True	True	0,737	(-0.10, -0.34, 0.65)
UAL1_RM	Armature|Crouch_Bwd_L_Loop	2,00	True	True	0,687	(0.02, 0.00, -0.69)
UAL1_RM	Armature|Spell_Simple_Enter	0,53	True	True	0,025	(0.00, 0.02, 0.01)
UAL1_RM	Armature|Spell_Simple_Shoot	0,50	True	True	0,001	(0.00, 0.00, 0.00)
UAL1_RM	Armature|Crouch_Left_Loop	2,00	True	True	0,487	(-0.49, 0.00, -0.02)
UAL1_RM	Armature|Pistol_Aim_Down	0,17	True	True	0,000	(0.00, 0.00, 0.00)
UAL1_RM	Armature|Sprint_Loop	0,67	True	True	7,730	(0.00, 0.00, 7.73)
UAL1_RM	Armature|Crouch_Right_Loop	2,00	True	True	0,487	(0.46, 0.00, 0.15)
UAL1_RM	Armature|Pistol_Idle_Loop	1,67	True	True	0,000	(0.00, 0.00, 0.00)
UAL1_RM	Armature|Spell_Simple_Exit	0,43	True	True	0,031	(0.01, -0.03, -0.01)
UAL1_RM	Armature|Pistol_Reload	1,67	True	True	0,001	(0.00, 0.00, 0.00)
UAL1_RM	Armature|Crouch_Enter	0,83	True	True	0,472	(-0.06, -0.47, -0.02)
UAL1_RM	Armature|Spell_Double_Shoot_Loop	0,27	True	True	0,001	(0.00, 0.00, 0.00)
UAL1_RM	Armature|Counter_Show	4,67	True	True	0,000	(0.00, 0.00, 0.00)
UAL1_RM	Armature|Counter_Idle_Loop	2,67	True	True	0,000	(0.00, 0.00, 0.00)
UAL1_RM	Armature|Crouch_Fwd_R_Loop	2,00	True	True	0,860	(0.14, 0.00, 0.85)
UAL1_RM	Armature|Jump_Loop	2,50	True	True	0,000	(0.00, 0.00, 0.00)
UAL1_RM	Armature|GroundSit_Exit	2,17	True	True	0,309	(-0.07, 0.29, 0.09)
UAL1_RM	Armature|Sword_Attack_Standing	1,53	True	True	0,064	(-0.06, 0.00, 0.00)
UAL1_RM	Armature|Crying	4,83	True	True	0,000	(0.00, 0.00, 0.00)
UAL1_RM	Armature|Pistol_Aim_Up	0,17	True	True	0,000	(0.00, 0.00, 0.00)
UAL1_RM	Armature|Climb_Up_Loop	1,27	True	True	0,845	(0.00, 0.85, 0.01)
UAL1_RM	Armature|Sword_Attack	1,53	True	True	0,654	(-0.15, 0.00, 0.64)
UAL1_RM	Armature|PickUp_Kneeling	1,93	True	True	0,020	(0.02, 0.00, 0.01)
UAL1_RM	Armature|Interact	2,00	True	True	0,000	(0.00, 0.00, 0.00)
UAL1_RM	Armature|Jog_Bwd_Loop	0,93	True	True	3,088	(0.00, 0.00, -3.09)
UAL1_RM	Armature|Turn90_R	2,00	True	True	0,048	(-0.05, 0.00, 0.00)
UAL1_RM	Armature|Hit_Shoulder_L	0,53	True	True	0,057	(0.05, 0.00, 0.03)
UAL1_RM	Armature|Jump_Start	1,33	True	True	0,268	(-0.02, 0.26, -0.04)
UAL1_RM	Armature|Crawl_Bwd_Loop	2,50	True	True	0,501	(0.04, 0.00, -0.50)
UAL1_RM	Armature|Idle_Paper	3,13	True	True	0,000	(0.00, 0.00, 0.00)
UAL1_RM	Armature|Jog_Left_Loop	0,93	True	True	3,122	(-2.51, 0.00, -1.86)
UAL1_RM	Armature|Crawl_Left_Loop	1,27	True	True	0,381	(-0.38, 0.00, 0.00)
UAL1_RM	Armature|Counter_Enter	1,17	True	True	0,288	(-0.08, 0.01, 0.28)
UAL1_RM	Armature|Crawl_Fwd_Loop	2,17	True	True	0,577	(-0.04, 0.00, 0.58)
UAL1_RM	Armature|Idle_Rock	3,13	True	True	0,000	(0.00, 0.00, 0.00)
UAL1_RM	Armature|Pistol_Aim_Neutral	0,17	True	True	0,000	(0.00, 0.00, 0.00)
UAL1_RM	Armature|Jog_Fwd_R_Loop	0,93	True	True	5,479	(0.02, 0.00, 5.48)
UAL1_RM	Armature|Spell_Double_Enter	0,63	True	True	0,058	(-0.03, 0.04, 0.03)
UAL1_RM	Armature|Hit_Chest	0,33	True	True	0,096	(-0.03, 0.04, 0.08)
UAL1_RM	Armature|Spell_Double_Idle_Loop	2,10	True	True	0,000	(0.00, 0.00, 0.00)
UAL1_RM	Armature|Crawl_Right_Loop	1,27	True	True	0,343	(0.34, 0.00, 0.00)
UAL1_RM	Armature|Drink	3,00	True	True	0,001	(0.00, 0.00, 0.00)
UAL1_RM	Armature|PunchKick_Exit	0,67	True	True	0,060	(0.02, 0.04, -0.04)
UAL1_RM	Armature|Crouch_Bwd_Loop	2,00	True	True	0,730	(0.08, 0.00, -0.73)
UAL1_RM	Armature|Sitting_Exit	1,03	True	True	0,268	(0.01, 0.24, 0.12)
UAL1_RM	Armature|Turn90_L	2,00	True	True	0,049	(-0.04, 0.00, 0.03)
UAL1_RM	Armature|Jog_Fwd_LeanL_Loop	0,93	True	True	4,828	(-0.08, 0.00, 4.83)
UAL1_RM	Armature|Hit_Shoulder_R	0,50	True	True	0,049	(-0.03, -0.01, 0.03)
UAL1_RM	Armature|Jog_Fwd_LeanR_Loop	0,93	True	True	4,831	(0.07, 0.00, 4.83)
UAL1_RM	Armature|Sitting_Nodding_Loop	2,93	True	True	0,000	(0.00, 0.00, 0.00)
UAL1_RM	Armature|Jog_Fwd_L_Loop	0,93	True	True	5,471	(-0.04, 0.00, 5.47)
UAL1_RM	Armature|Climb_Idle_Loop	2,93	True	True	0,000	(0.00, 0.00, 0.00)
UAL1_RM	Armature|GroundSit_Idle_Loop	1,33	True	True	0,000	(0.00, 0.00, 0.00)
UAL1_RM	Armature|Swim_Idle_Loop	3,33	True	True	0,001	(0.00, 0.00, 0.00)
UAL1_RM	Armature|Hit_Stomach	0,67	True	True	0,143	(-0.03, 0.12, 0.06)
UAL1_RM	Armature|Punch_Cross	1,00	True	True	0,013	(-0.01, 0.00, 0.00)
UAL1_RM	Armature|Sitting_Idle02_Loop	2,50	True	True	0,000	(0.00, 0.00, 0.00)
UAL1_RM	Armature|Sword_Exit	1,30	True	True	0,083	(0.00, 0.08, 0.00)
UAL1_RM	Armature|Dodge_Left	1,30	True	True	1,523	(-1.41, 0.32, -0.48)
UAL1_RM	Armature|Pistol_Shoot	0,63	True	True	0,000	(0.00, 0.00, 0.00)
UAL1_RM	Armature|Climb_Down_Loop	1,27	True	True	0,845	(0.00, -0.85, 0.00)
UAL1_RM	Armature|PickUp_Table	0,83	True	True	0,026	(0.01, 0.00, 0.02)
UAL1_RM	Armature|Push_Loop	2,67	True	True	0,292	(-0.02, 0.00, 0.29)
UAL1_RM	Armature|Roll	1,47	True	True	3,202	(-0.49, 0.22, 3.16)
UAL1_RM	Armature|Death01	2,40	True	True	0,620	(0.14, -0.34, -0.50)
UAL1_RM	Armature|Fixing_Kneeling	5,20	True	True	0,001	(0.00, 0.00, 0.00)
UAL1_RM	Armature|Spell_Simple_Idle_Loop	2,10	True	True	0,000	(0.00, 0.00, 0.00)
UAL1_RM	Armature|Spell_Double_Exit	0,63	True	True	0,058	(0.03, -0.04, -0.03)
UAL1_RM	Armature|Crouch_Fwd_Loop	2,00	True	True	0,730	(-0.04, 0.00, 0.73)
UAL1_RM	Armature|Sitting_Talking_Loop	2,93	True	True	0,000	(0.00, 0.00, 0.00)
UAL1_RM	Armature|Sword_Enter	1,30	True	True	0,083	(0.00, -0.08, 0.00)
UAL1_RM	Armature|Jump_Land	1,27	True	True	0,057	(-0.01, -0.05, -0.03)
UAL1_RM	Armature|A_TPose	2,50	True	True	0,000	(0.00, 0.00, 0.00)
UAL1_RM	Armature|Climb_Exit	1,47	True	True	0,135	(0.03, -0.05, -0.12)
UAL1_RM	Armature|BackFlip	1,93	True	True	0,011	(-0.01, 0.00, -0.01)
UAL1_RM	Armature|Kick	1,10	True	True	0,029	(-0.03, 0.00, -0.01)
UAL1_RM	Armature|Climb_Right_Loop	0,87	True	True	0,967	(0.93, 0.00, 0.25)
UAL1_RM	Armature|Swim_Fwd_Loop	1,33	True	True	2,117	(0.00, 0.00, 2.12)
UAL1_RM	Armature|Sprint_Exit	1,67	True	True	0,496	(0.19, 0.03, 0.46)
UAL1_RM	Armature|Counter_Angry	2,00	True	True	0,000	(0.00, 0.00, 0.00)
UAL1_RM	Armature|Walk_Formal_Loop	1,33	True	True	0,950	(-0.01, 0.00, 0.95)
UAL1_RM	Armature|Idle_Talking_Loop	2,93	True	True	0,000	(0.00, 0.00, 0.00)
UAL1_RM	Armature|Climb_Left_Loop	0,87	True	True	0,967	(-0.93, 0.00, 0.25)
UAL1_RM	Armature|Crawl_Enter	2,13	True	True	0,392	(-0.01, -0.39, -0.03)
UAL1_RM	Armature|Jog_Bwd_L_Loop	0,93	True	True	4,364	(-0.64, 0.00, -4.32)
UAL1_RM	Armature|Idle_LookAround_Loop	4,60	True	True	0,000	(0.00, 0.00, 0.00)
UAL1_RM	Armature|Push_Exit	1,20	True	True	0,162	(-0.01, 0.16, 0.02)
UAL1_RM	Armature|Counter_Give	4,37	True	True	0,001	(0.00, 0.00, 0.00)
UAL1_RM	Armature|Sitting_Idle03_Loop	4,17	True	True	0,000	(0.00, 0.00, 0.00)
UAL1_RM	Armature|Sitting_Enter	1,30	True	True	0,214	(-0.02, -0.19, -0.10)
UAL1_RM	Armature|PunchKick_Enter	0,67	True	True	0,060	(-0.02, -0.04, 0.04)
UAL1_RM	Armature|Idle_Loop	2,50	True	True	0,000	(0.00, 0.00, 0.00)
UAL1_RM	Armature|Sword_Idle	1,67	True	True	0,000	(0.00, 0.00, 0.00)
UAL1_RM	Armature|Celebration	4,00	True	True	0,000	(0.00, 0.00, 0.00)
UAL1_RM	Armature|Dance_Loop	1,00	True	True	0,015	(0.00, 0.00, -0.02)
UAL1_RM	Armature|GroundSit_Enter	2,50	True	True	0,267	(0.03, -0.25, -0.09)
UAL1_RM	Armature|Crouch_Bwd_R_Loop	2,37	True	True	0,098	(0.03, -0.02, -0.09)
UAL1_RM	Armature|Crawl_Idle_Loop	2,33	True	True	0,000	(0.00, 0.00, 0.00)
UAL2	Armature|Zombie_Idle_Loop	1,33	True	True	0,000	(0.00, 0.00, 0.00)
UAL2	Armature|Zombie_Run_Fwd_L_Loop	0,73	True	True	0,005	(0.00, 0.00, 0.00)
UAL2	Armature|Farm_ScatteringSeeds	1,57	True	True	0,003	(0.00, 0.00, 0.00)
UAL2	Armature|Fish_Reel	2,30	True	True	0,000	(0.00, 0.00, 0.00)
UAL2	Armature|Melee_Knee	0,87	True	True	0,166	(0.06, -0.07, 0.14)
UAL2	Armature|Zombie_Bite	1,50	True	True	0,021	(-0.02, 0.00, -0.01)
UAL2	Armature|Walk_Fwd_L_Loop	1,33	True	True	0,008	(0.00, 0.00, 0.01)
UAL2	Armature|WallRun_R_Loop	0,73	True	True	0,002	(0.00, 0.00, 0.00)
UAL2	Armature|Melee_Hook	0,47	True	True	0,916	(-0.63, -0.45, 0.50)
UAL2	Armature|Zombie_Run_L_Loop	0,73	True	True	0,005	(0.00, 0.00, 0.00)
UAL2	Armature|OverhandThrow	1,33	True	True	0,256	(-0.23, 0.00, -0.10)
UAL2	Armature|Zombie_Run_R_Loop	0,73	True	True	0,003	(0.00, 0.00, 0.00)
UAL2	Armature|Zombie_Walk_Bwd_R_Loop	1,33	True	True	0,005	(0.00, 0.00, 0.00)
UAL2	Armature|Bandage_Loop	0,67	True	True	0,000	(0.00, 0.00, 0.00)
UAL2	Armature|LiftAir_Idle_Loop	2,00	True	True	0,000	(0.00, 0.00, 0.00)
UAL2	Armature|Melee_Hook_Rec	0,60	True	True	0,898	(0.06, 0.46, -0.77)
UAL2	Armature|Sword_Heavy_A_Rec	1,00	True	True	0,367	(0.29, 0.22, -0.05)
UAL2	Armature|Zombie_Run_Bwd_R_Loop	0,73	True	True	0,011	(0.01, 0.00, 0.00)
UAL2	Armature|Mining_Loop	0,90	True	True	0,013	(-0.01, 0.00, 0.00)
UAL2	Armature|Idle_FoldArms_Loop	2,50	True	True	0,000	(0.00, 0.00, 0.00)
UAL2	Armature|Sword_Light_A	0,37	True	True	0,809	(-0.44, -0.65, 0.19)
UAL2	Armature|Farm_PlantSeed	2,77	True	True	0,003	(0.00, 0.00, 0.00)
UAL2	Armature|Sword_Heavy_B_Rec	0,77	True	True	0,169	(-0.04, 0.16, -0.05)
UAL2	Armature|Sword_GroundPound	1,17	True	True	0,243	(-0.18, 0.01, -0.16)
UAL2	Armature|Turn180_R	1,67	True	True	0,000	(0.00, 0.00, 0.00)
UAL2	Armature|Sword_Heavy_C_Rec	0,57	True	True	0,661	(-0.35, 0.47, -0.31)
UAL2	Armature|Consume	1,33	True	True	0,001	(0.00, 0.00, 0.00)
UAL2	Armature|Zombie_Run_Bwd_Loop	0,73	True	True	0,011	(0.01, 0.00, 0.00)
UAL2	Armature|Sword_Light_B	0,43	True	True	0,688	(0.49, 0.39, -0.29)
UAL2	Armature|Sword_Heavy_D	2,33	True	True	0,262	(-0.20, 0.11, -0.13)
UAL2	Armature|Sword_Light_Combo	3,40	True	True	0,331	(-0.07, 0.00, -0.32)
UAL2	Armature|Walk_Fwd_R_Loop	1,33	True	True	0,008	(0.00, 0.00, 0.01)
UAL2	Armature|Zombie_Run_Fwd_R_Loop	0,73	True	True	0,005	(0.00, 0.00, 0.00)
UAL2	Armature|Idle_Rail_Call	2,50	True	True	0,000	(0.00, 0.00, 0.00)
UAL2	Armature|Sword_Aerial_Combo_Loop	1,00	True	True	0,391	(-0.09, 0.00, -0.38)
UAL2	Armature|Yes	2,50	True	True	0,000	(0.00, 0.00, 0.00)
UAL2	Armature|LiftAir_Hit_R	0,50	True	True	0,029	(0.00, 0.01, -0.03)
UAL2	Armature|WallRun_Jump_L	0,73	True	True	0,289	(0.18, 0.09, -0.21)
UAL2	Armature|Walk_R_Loop	1,33	True	True	0,005	(0.00, 0.00, 0.00)
UAL2	Armature|Zombie_Walk_Fwd_Loop	1,33	True	True	0,007	(0.01, 0.00, 0.00)
UAL2	Armature|WallRun_L_Loop	0,73	True	True	0,001	(0.00, 0.00, 0.00)
UAL2	Armature|Sword_Aerial_B	0,57	True	True	0,873	(0.65, 0.37, -0.45)
UAL2	Armature|NinjaJump_Start	0,97	True	True	0,449	(-0.02, 0.45, 0.02)
UAL2	Armature|NinjaJump_Land	1,27	True	True	0,108	(-0.01, -0.09, -0.06)
UAL2	Armature|Slide_Start	0,83	True	True	0,844	(-0.10, -0.83, -0.10)
UAL2	Armature|Fish_Reel_Failed	2,77	True	True	0,000	(0.00, 0.00, 0.00)
UAL2	Armature|Farm_Harvest	2,50	True	True	0,007	(-0.01, 0.00, 0.00)
UAL2	Armature|Melee_Combo	2,27	True	True	0,073	(0.00, 0.00, -0.07)
UAL2	Armature|Bow_Aim_Up	1,33	True	True	0,000	(0.00, 0.00, 0.00)
UAL2	Armature|NinjaJump_Double	0,90	True	True	0,007	(0.01, 0.00, 0.00)
UAL2	Armature|Shield_OneShot	0,83	True	True	0,006	(0.00, 0.00, 0.00)
UAL2	Armature|Sword_Heavy_B	0,50	True	True	1,232	(1.19, 0.20, 0.23)
UAL2	Armature|Sword_Regular_B	0,53	True	True	0,703	(0.66, -0.21, -0.15)
UAL2	Armature|Idle_TalkingPhone_Loop	2,93	True	True	0,000	(0.00, 0.00, 0.00)
UAL2	Armature|Turn180_L	1,67	True	True	0,001	(0.00, 0.00, 0.00)
UAL2	Armature|Sword_UpperCut	0,70	True	True	0,444	(0.12, 0.42, 0.08)
UAL2	Armature|Farm_PickingTree	2,23	True	True	0,002	(0.00, 0.00, 0.00)
UAL2	Armature|Zombie_Walk_Bwd_L_Loop	1,33	True	True	0,006	(-0.01, 0.00, 0.00)
UAL2	Armature|Melee_Knee_Rec	0,23	True	True	0,487	(0.30, 0.27, -0.28)
UAL2	Armature|Idle_Shield_Loop	2,50	True	True	0,000	(0.00, 0.00, 0.00)
UAL2	Armature|Fish_OH_Idle_Loop	2,33	True	True	0,000	(0.00, 0.00, 0.00)
UAL2	Armature|Walk_Fwd_Loop	1,33	True	True	0,008	(0.00, 0.00, 0.01)
UAL2	Armature|Sword_Regular_C	2,00	True	True	0,347	(-0.27, 0.16, -0.14)
UAL2	Armature|Walk_L_Loop	1,33	True	True	0,005	(0.00, 0.00, -0.01)
UAL2	Armature|Walk_Bwd_Loop	1,33	True	True	0,005	(0.00, 0.00, -0.01)
UAL2	Armature|Zombie_Walk_Fwd_L_Loop	1,33	True	True	0,006	(0.01, 0.00, 0.00)
UAL2	Armature|Hit_Knockback	0,83	True	True	0,757	(0.02, -0.61, -0.45)
UAL2	Armature|Farm_Watering	3,80	True	True	0,002	(0.00, 0.00, 0.00)
UAL2	Armature|Fish_Cast_Idle_Loop	2,33	True	True	0,000	(0.00, 0.00, 0.00)
UAL2	Armature|Zombie_Walk_R_Loop	1,33	True	True	0,005	(0.00, 0.00, 0.00)
UAL2	Armature|Sword_Regular_Combo	3,00	True	True	0,202	(-0.02, 0.00, -0.20)
UAL2	Armature|MonsterTransformation	2,23	True	True	0,007	(0.01, 0.00, 0.00)
UAL2	Armature|Zombie_Walk_L_Loop	1,33	True	True	0,005	(0.00, 0.00, 0.00)
UAL2	Armature|Melee_Uppercut	1,07	True	True	0,253	(0.19, 0.00, 0.17)
UAL2	Armature|LiftAir_Fall_Impact	0,67	True	True	0,565	(-0.03, -0.56, -0.04)
UAL2	Armature|LayToIdle	1,53	True	True	0,591	(0.10, 0.57, 0.14)
UAL2	Armature|SafetyVault	0,73	True	True	0,076	(-0.02, 0.01, 0.07)
UAL2	Armature|Sword_Light_A_Rec	0,50	True	True	0,592	(0.23, 0.48, -0.26)
UAL2	Armature|Idle_Rail_Loop	2,50	True	True	0,000	(0.00, 0.00, 0.00)
UAL2	Armature|Zombie_Walk_Bwd_Loop	1,33	True	True	0,004	(0.00, 0.00, 0.00)
UAL2	Armature|Bow_Notch	2,50	True	True	0,014	(0.00, 0.01, -0.01)
UAL2	Armature|Bow_Aim_Neutral	2,50	True	True	0,000	(0.00, 0.00, 0.00)
UAL2	Armature|TreeChopping_Loop	0,97	True	True	0,017	(-0.02, 0.00, -0.01)
UAL2	Armature|Walk_Bwd_R_Loop	1,33	True	True	0,005	(0.00, 0.00, 0.00)
UAL2	Armature|NinjaJump_Idle_Loop	2,00	True	True	0,000	(0.00, 0.00, 0.00)
UAL2	Armature|Zombie_Scratch	1,80	True	True	0,070	(-0.02, 0.00, -0.07)
UAL2	Armature|Bow_Aim_Down	1,33	True	True	0,000	(0.00, 0.00, 0.00)
UAL2	Armature|Zombie_Spawn	2,83	True	True	0,523	(0.00, 0.52, 0.01)
UAL2	Armature|Sword_Regular_A	0,43	True	True	0,812	(-0.56, -0.51, 0.28)
UAL2	Armature|Sword_Heavy_C	0,70	True	True	1,490	(1.37, -0.22, -0.53)
UAL2	Armature|Zombie_Run_Fwd_Loop	0,73	True	True	0,005	(0.00, 0.00, 0.00)
UAL2	Armature|Walk_Bwd_L_Loop	1,33	True	True	0,005	(0.00, 0.00, -0.01)
UAL2	Armature|Slide_Exit	0,50	True	True	1,407	(0.11, 1.39, 0.22)
UAL2	Armature|ClimbUp_1m	0,67	True	True	0,007	(0.00, 0.00, 0.01)
UAL2	Armature|Walk_Carry_Loop	2,00	True	True	0,003	(0.00, 0.00, 0.00)
UAL2	Armature|KipUp	1,17	True	True	0,781	(-0.05, 0.74, 0.23)
UAL2	Armature|Idle_Lantern_Loop	2,50	True	True	0,000	(0.00, 0.00, 0.00)
UAL2	Armature|Sword_Light_B_Rec	0,57	True	True	0,303	(-0.10, 0.12, -0.26)
UAL2	Armature|A_TPose	2,50	True	True	0,000	(0.00, 0.00, 0.00)
UAL2	Armature|Idle_No_Loop	2,50	True	True	0,000	(0.00, 0.00, 0.00)
UAL2	Armature|Sword_Block	1,23	True	True	0,003	(0.00, 0.00, 0.00)
UAL2	Armature|Sword_Dash	1,57	True	True	0,146	(-0.04, 0.00, -0.14)
UAL2	Armature|GetOffWall_2m	0,63	True	True	0,698	(0.08, -0.69, -0.07)
UAL2	Armature|Sword_Aerial_A	0,40	True	True	1,242	(-1.12, -0.53, -0.07)
UAL2	Armature|Slide_Loop	2,00	True	True	0,000	(0.00, 0.00, 0.00)
UAL2	Armature|StepUp	0,67	True	True	0,009	(0.01, 0.00, 0.00)
UAL2	Armature|WallRun_Jump_R	0,73	True	True	0,288	(-0.17, 0.08, -0.21)
UAL2	Armature|Sword_Aerial_Idle_Loop	1,07	True	True	0,000	(0.00, 0.00, 0.00)
UAL2	Armature|JogToFlip	1,20	True	True	0,144	(0.14, 0.00, 0.01)
UAL2	Armature|Sword_Heavy_A	0,73	True	True	0,912	(-0.83, -0.29, 0.25)
UAL2	Armature|LiftAir_Fall	0,93	True	True	0,918	(-0.02, -0.91, -0.10)
UAL2	Armature|LiftAir_Hit_L	0,50	True	True	0,134	(0.07, 0.00, -0.11)
UAL2	Armature|ClimbUp_2m	1,30	True	True	0,051	(0.01, 0.05, -0.01)
UAL2	Armature|Sword_Light_D	1,67	True	True	0,267	(-0.20, 0.02, -0.18)
UAL2	Armature|Zombie_Run_Bwd_L_Loop	0,73	True	True	0,010	(0.01, 0.00, 0.00)
UAL2	Armature|Sword_Light_C	0,87	True	True	0,637	(0.62, -0.09, -0.14)
UAL2	Armature|Chest_Open	1,37	True	True	0,000	(0.00, 0.00, 0.00)
UAL2	Armature|Fish_Cast	1,83	True	True	0,001	(0.00, 0.00, 0.00)
UAL2	Armature|Zombie_Walk_Fwd_R_Loop	1,33	True	True	0,007	(0.01, 0.00, 0.00)
UAL2	Armature|Sword_Aerial_A_Rec	0,43	True	True	0,618	(0.30, 0.49, -0.23)
UAL2	Armature|LiftAir	0,47	True	True	0,544	(0.16, 0.17, -0.49)
UAL2	Armature|Sword_Regular_A_Rec	0,97	True	True	0,321	(0.18, 0.23, -0.12)
UAL2	Armature|SwordLight_C_Rec	0,70	True	True	0,499	(0.35, 0.33, -0.13)
UAL2	Armature|Bow_RapidShoot_Loop	0,43	True	True	0,000	(0.00, 0.00, 0.00)
UAL2	Armature|Bow_Shoot	0,67	True	True	0,067	(0.01, -0.04, 0.05)
UAL2	Armature|Sword_Regular_B_Rec	1,03	True	True	0,354	(-0.06, 0.33, -0.12)
UAL2	Armature|Idle_Shield_Break	1,07	True	True	0,078	(0.08, 0.00, 0.00)
UAL2	Armature|Surprise	2,47	True	True	0,000	(0.00, 0.00, 0.00)
UAL2	Armature|Sprint_Shield_Loop	0,67	True	True	0,008	(-0.01, 0.00, -0.01)
UAL2	Armature|Shield_Dash	1,10	True	True	0,338	(0.01, 0.32, -0.10)
UAL2	Armature|DoubleJump	0,90	True	True	0,012	(0.01, 0.00, 0.00)
UAL2	Armature|LiftAir_Fall_Air_Loop	1,30	True	True	0,000	(0.00, 0.00, 0.00)
UAL2	Armature|IdleToLay	3,00	True	True	0,304	(0.01, -0.29, -0.09)
UAL2	Armature|Sword_Heavy_Combo	4,33	True	True	0,335	(-0.11, 0.00, -0.32)
UAL2_RM	Armature|Zombie_Idle_Loop	1,33	True	True	0,000	(0.00, 0.00, 0.00)
UAL2_RM	Armature|Zombie_Run_Fwd_L_Loop	0,73	True	True	3,731	(-1.23, 0.00, 3.52)
UAL2_RM	Armature|Farm_ScatteringSeeds	1,57	True	True	0,003	(0.00, 0.00, 0.00)
UAL2_RM	Armature|Fish_Reel	2,30	True	True	0,000	(0.00, 0.00, 0.00)
UAL2_RM	Armature|Melee_Knee	0,87	True	True	1,562	(-0.04, -0.07, 1.56)
UAL2_RM	Armature|Zombie_Bite	1,50	True	True	0,021	(-0.02, 0.00, -0.01)
UAL2_RM	Armature|Walk_Fwd_L_Loop	1,33	True	True	1,036	(-0.30, 0.00, 0.99)
UAL2_RM	Armature|WallRun_R_Loop	0,73	True	True	5,305	(-1.95, 0.00, 4.93)
UAL2_RM	Armature|Melee_Hook	0,47	True	True	1,414	(-0.95, -0.45, 0.95)
UAL2_RM	Armature|Zombie_Run_L_Loop	0,73	True	True	1,984	(-1.98, 0.00, 0.01)
UAL2_RM	Armature|OverhandThrow	1,33	True	True	0,256	(-0.23, 0.00, -0.10)
UAL2_RM	Armature|Zombie_Run_R_Loop	0,73	True	True	2,246	(2.25, 0.00, 0.01)
UAL2_RM	Armature|Zombie_Walk_Bwd_R_Loop	1,33	True	True	1,291	(0.62, 0.00, -1.13)
UAL2_RM	Armature|Bandage_Loop	0,67	True	True	0,000	(0.00, 0.00, 0.00)
UAL2_RM	Armature|LiftAir_Idle_Loop	2,00	True	True	0,000	(0.00, 0.00, 0.00)
UAL2_RM	Armature|Melee_Hook_Rec	0,60	True	True	0,898	(0.06, 0.46, -0.77)
UAL2_RM	Armature|Sword_Heavy_A_Rec	1,00	True	True	0,650	(0.60, 0.22, -0.11)
UAL2_RM	Armature|Zombie_Run_Bwd_R_Loop	0,73	True	True	3,731	(0.67, 0.00, -3.67)
UAL2_RM	Armature|Mining_Loop	0,90	True	True	0,013	(-0.01, 0.00, 0.00)
UAL2_RM	Armature|Idle_FoldArms_Loop	2,50	True	True	0,000	(0.00, 0.00, 0.00)
UAL2_RM	Armature|Sword_Light_A	0,37	True	True	1,629	(-1.24, -0.65, 0.82)
UAL2_RM	Armature|Farm_PlantSeed	2,77	True	True	0,003	(0.00, 0.00, 0.00)
UAL2_RM	Armature|Sword_Heavy_B_Rec	0,77	True	True	0,218	(-0.15, 0.16, 0.03)
UAL2_RM	Armature|Sword_GroundPound	1,17	True	True	1,675	(-0.18, -1.66, -0.16)
UAL2_RM	Armature|Turn180_R	1,67	True	True	0,058	(-0.06, 0.00, -0.01)
UAL2_RM	Armature|Sword_Heavy_C_Rec	0,57	True	True	0,659	(-0.35, 0.47, -0.30)
UAL2_RM	Armature|Consume	1,33	True	True	0,001	(0.00, 0.00, 0.00)
UAL2_RM	Armature|Zombie_Run_Bwd_Loop	0,73	True	True	3,959	(-0.12, 0.00, -3.96)
UAL2_RM	Armature|Sword_Light_B	0,43	True	True	1,404	(1.24, 0.39, -0.53)
UAL2_RM	Armature|Sword_Heavy_D	2,33	True	True	0,323	(-0.17, 0.11, 0.25)
UAL2_RM	Armature|Sword_Light_Combo	3,40	True	True	0,339	(-0.33, 0.00, -0.09)
UAL2_RM	Armature|Walk_Fwd_R_Loop	1,33	True	True	1,036	(0.15, 0.00, 1.02)
UAL2_RM	Armature|Zombie_Run_Fwd_R_Loop	0,73	True	True	3,732	(1.19, 0.00, 3.54)
UAL2_RM	Armature|Idle_Rail_Call	2,50	True	True	0,000	(0.00, 0.00, 0.00)
UAL2_RM	Armature|Sword_Aerial_Combo_Loop	1,00	True	True	0,391	(-0.09, 0.00, -0.38)
UAL2_RM	Armature|Yes	2,50	True	True	0,000	(0.00, 0.00, 0.00)
UAL2_RM	Armature|LiftAir_Hit_R	0,50	True	True	0,029	(0.00, 0.01, -0.03)
UAL2_RM	Armature|WallRun_Jump_L	0,73	True	True	0,289	(0.18, 0.09, -0.21)
UAL2_RM	Armature|Walk_R_Loop	1,33	True	True	0,583	(0.56, 0.00, -0.16)
UAL2_RM	Armature|Zombie_Walk_Fwd_Loop	1,33	True	True	1,021	(0.02, 0.00, 1.02)
UAL2_RM	Armature|WallRun_L_Loop	0,73	True	True	5,305	(1.95, 0.00, 4.94)
UAL2_RM	Armature|Sword_Aerial_B	0,57	True	True	0,873	(0.65, 0.37, -0.45)
UAL2_RM	Armature|NinjaJump_Start	0,97	True	True	0,449	(-0.02, 0.45, 0.02)
UAL2_RM	Armature|NinjaJump_Land	1,27	True	True	0,108	(-0.01, -0.09, -0.06)
UAL2_RM	Armature|Slide_Start	0,83	True	True	4,615	(2.09, -0.83, 4.03)
UAL2_RM	Armature|Fish_Reel_Failed	2,77	True	True	0,000	(0.00, 0.00, 0.00)
UAL2_RM	Armature|Farm_Harvest	2,50	True	True	0,007	(-0.01, 0.00, 0.00)
UAL2_RM	Armature|Melee_Combo	2,27	True	True	0,441	(-0.04, 0.00, 0.44)
UAL2_RM	Armature|Bow_Aim_Up	1,33	True	True	0,000	(0.00, 0.00, 0.00)
UAL2_RM	Armature|NinjaJump_Double	0,90	True	True	0,007	(0.01, 0.00, 0.00)
UAL2_RM	Armature|Shield_OneShot	0,83	True	True	0,006	(0.00, 0.00, 0.00)
UAL2_RM	Armature|Sword_Heavy_B	0,50	True	True	0,744	(0.15, 0.20, 0.70)
UAL2_RM	Armature|Sword_Regular_B	0,53	True	True	0,653	(0.62, -0.21, -0.02)
UAL2_RM	Armature|Idle_TalkingPhone_Loop	2,93	True	True	0,000	(0.00, 0.00, 0.00)
UAL2_RM	Armature|Turn180_L	1,67	True	True	0,048	(0.03, 0.00, 0.03)
UAL2_RM	Armature|Sword_UpperCut	0,70	True	True	3,206	(0.12, 3.20, 0.08)
UAL2_RM	Armature|Farm_PickingTree	2,23	True	True	0,002	(0.00, 0.00, 0.00)
UAL2_RM	Armature|Zombie_Walk_Bwd_L_Loop	1,33	True	True	1,291	(-0.24, 0.00, -1.27)
UAL2_RM	Armature|Melee_Knee_Rec	0,23	True	True	0,487	(0.30, 0.27, -0.28)
UAL2_RM	Armature|Idle_Shield_Loop	2,50	True	True	0,000	(0.00, 0.00, 0.00)
UAL2_RM	Armature|Fish_OH_Idle_Loop	2,33	True	True	0,000	(0.00, 0.00, 0.00)
UAL2_RM	Armature|Walk_Fwd_Loop	1,33	True	True	0,989	(-0.01, 0.00, 0.99)
UAL2_RM	Armature|Sword_Regular_C	2,00	True	True	0,325	(-0.28, 0.16, 0.02)
UAL2_RM	Armature|Walk_L_Loop	1,33	True	True	0,656	(-0.65, 0.00, -0.07)
UAL2_RM	Armature|Walk_Bwd_Loop	1,33	True	True	1,025	(0.01, 0.00, -1.03)
UAL2_RM	Armature|Zombie_Walk_Fwd_L_Loop	1,33	True	True	1,031	(-0.41, 0.00, 0.95)
UAL2_RM	Armature|Hit_Knockback	0,83	True	True	3,994	(0.26, -0.61, -3.94)
UAL2_RM	Armature|Farm_Watering	3,80	True	True	0,002	(0.00, 0.00, 0.00)
UAL2_RM	Armature|Fish_Cast_Idle_Loop	2,33	True	True	0,000	(0.00, 0.00, 0.00)
UAL2_RM	Armature|Zombie_Walk_R_Loop	1,33	True	True	0,733	(0.73, 0.00, -0.04)
UAL2_RM	Armature|Sword_Regular_Combo	3,00	True	True	0,250	(-0.18, 0.00, 0.17)
UAL2_RM	Armature|MonsterTransformation	2,23	True	True	0,007	(0.01, 0.00, 0.00)
UAL2_RM	Armature|Zombie_Walk_L_Loop	1,33	True	True	0,733	(-0.73, 0.00, -0.03)
UAL2_RM	Armature|Melee_Uppercut	1,07	True	True	0,458	(0.19, 0.00, 0.42)
UAL2_RM	Armature|LiftAir_Fall_Impact	0,67	True	True	0,565	(-0.03, -0.56, -0.04)
UAL2_RM	Armature|LayToIdle	1,53	True	True	0,591	(0.10, 0.57, 0.14)
UAL2_RM	Armature|SafetyVault	0,73	True	True	3,895	(0.41, 0.01, 3.87)
UAL2_RM	Armature|Sword_Light_A_Rec	0,50	True	True	0,592	(0.23, 0.48, -0.26)
UAL2_RM	Armature|Idle_Rail_Loop	2,50	True	True	0,000	(0.00, 0.00, 0.00)
UAL2_RM	Armature|Zombie_Walk_Bwd_Loop	1,33	True	True	1,169	(-0.01, 0.00, -1.17)
UAL2_RM	Armature|Bow_Notch	2,50	True	True	0,014	(0.00, 0.01, -0.01)
UAL2_RM	Armature|Bow_Aim_Neutral	2,50	True	True	0,000	(0.00, 0.00, 0.00)
UAL2_RM	Armature|TreeChopping_Loop	0,97	True	True	0,017	(-0.02, 0.00, -0.01)
UAL2_RM	Armature|Walk_Bwd_R_Loop	1,33	True	True	1,345	(0.33, 0.00, -1.30)
UAL2_RM	Armature|NinjaJump_Idle_Loop	2,00	True	True	0,000	(0.00, 0.00, 0.00)
UAL2_RM	Armature|Zombie_Scratch	1,80	True	True	0,070	(-0.02, 0.00, -0.07)
UAL2_RM	Armature|Bow_Aim_Down	1,33	True	True	0,000	(0.00, 0.00, 0.00)
UAL2_RM	Armature|Zombie_Spawn	2,83	True	True	0,523	(0.00, 0.52, 0.01)
UAL2_RM	Armature|Sword_Regular_A	0,43	True	True	1,906	(-0.94, -0.51, 1.58)
UAL2_RM	Armature|Sword_Heavy_C	0,70	True	True	1,184	(1.08, -0.22, -0.42)
UAL2_RM	Armature|Zombie_Run_Fwd_Loop	0,73	True	True	3,959	(0.12, 0.00, 3.96)
UAL2_RM	Armature|Walk_Bwd_L_Loop	1,33	True	True	1,345	(0.01, 0.00, -1.34)
UAL2_RM	Armature|Slide_Exit	0,50	True	True	4,340	(2.12, 1.39, 3.52)
UAL2_RM	Armature|ClimbUp_1m	0,67	True	True	2,816	(-0.17, 1.46, 2.40)
UAL2_RM	Armature|Walk_Carry_Loop	2,00	True	True	0,635	(-0.01, 0.00, 0.63)
UAL2_RM	Armature|KipUp	1,17	True	True	0,781	(-0.05, 0.74, 0.23)
UAL2_RM	Armature|Idle_Lantern_Loop	2,50	True	True	0,000	(0.00, 0.00, 0.00)
UAL2_RM	Armature|Sword_Light_B_Rec	0,57	True	True	0,303	(-0.10, 0.12, -0.26)
UAL2_RM	Armature|A_TPose	2,50	True	True	0,000	(0.00, 0.00, 0.00)
UAL2_RM	Armature|Idle_No_Loop	2,50	True	True	0,000	(0.00, 0.00, 0.00)
UAL2_RM	Armature|Sword_Block	1,23	True	True	0,003	(0.00, 0.00, 0.00)
UAL2_RM	Armature|Sword_Dash	1,57	True	True	1,238	(1.23, 0.00, 0.14)
UAL2_RM	Armature|GetOffWall_2m	0,63	True	True	2,553	(-0.45, -1.38, 2.10)
UAL2_RM	Armature|Sword_Aerial_A	0,40	True	True	1,242	(-1.12, -0.53, -0.07)
UAL2_RM	Armature|Slide_Loop	2,00	True	True	4,379	(1.75, 0.00, 4.01)
UAL2_RM	Armature|StepUp	0,67	True	True	3,237	(0.13, 0.73, 3.15)
UAL2_RM	Armature|WallRun_Jump_R	0,73	True	True	0,288	(-0.17, 0.08, -0.21)
UAL2_RM	Armature|Sword_Aerial_Idle_Loop	1,07	True	True	0,000	(0.00, 0.00, 0.00)
UAL2_RM	Armature|JogToFlip	1,20	True	True	3,849	(-0.79, 0.00, 3.77)
UAL2_RM	Armature|Sword_Heavy_A	0,73	True	True	0,643	(-0.53, -0.29, 0.22)
UAL2_RM	Armature|LiftAir_Fall	0,93	True	True	2,749	(-0.02, -2.75, -0.10)
UAL2_RM	Armature|LiftAir_Hit_L	0,50	True	True	0,134	(0.07, 0.00, -0.11)
UAL2_RM	Armature|ClimbUp_2m	1,30	True	True	1,979	(0.00, 1.55, 1.23)
UAL2_RM	Armature|Sword_Light_D	1,67	True	True	0,702	(-0.58, 0.02, 0.39)
UAL2_RM	Armature|Zombie_Run_Bwd_L_Loop	0,73	True	True	3,733	(-1.02, 0.00, -3.59)
UAL2_RM	Armature|Sword_Light_C	0,87	True	True	0,766	(-0.25, -0.09, -0.72)
UAL2_RM	Armature|Chest_Open	1,37	True	True	0,000	(0.00, 0.00, 0.00)
UAL2_RM	Armature|Fish_Cast	1,83	True	True	0,001	(0.00, 0.00, 0.00)
UAL2_RM	Armature|Zombie_Walk_Fwd_R_Loop	1,33	True	True	1,032	(0.27, 0.00, 1.00)
UAL2_RM	Armature|Sword_Aerial_A_Rec	0,43	True	True	0,618	(0.30, 0.49, -0.23)
UAL2_RM	Armature|LiftAir	0,47	True	True	3,870	(0.16, 3.83, -0.49)
UAL2_RM	Armature|Sword_Regular_A_Rec	0,97	True	True	0,361	(0.27, 0.23, 0.07)
UAL2_RM	Armature|SwordLight_C_Rec	0,70	True	True	0,499	(0.35, 0.33, -0.13)
UAL2_RM	Armature|Bow_RapidShoot_Loop	0,43	True	True	0,000	(0.00, 0.00, 0.00)
UAL2_RM	Armature|Bow_Shoot	0,67	True	True	0,067	(0.01, -0.04, 0.05)
UAL2_RM	Armature|Sword_Regular_B_Rec	1,03	True	True	0,421	(-0.14, 0.33, 0.22)
UAL2_RM	Armature|Idle_Shield_Break	1,07	True	True	0,078	(0.08, 0.00, 0.00)
UAL2_RM	Armature|Surprise	2,47	True	True	0,000	(0.00, 0.00, 0.00)
UAL2_RM	Armature|Sprint_Shield_Loop	0,67	True	True	7,271	(-4.76, 0.00, 5.50)
UAL2_RM	Armature|Shield_Dash	1,10	True	True	0,915	(-0.85, 0.32, 0.10)
UAL2_RM	Armature|DoubleJump	0,90	True	True	0,012	(0.01, 0.00, 0.00)
UAL2_RM	Armature|LiftAir_Fall_Air_Loop	1,30	True	True	0,000	(0.00, 0.00, 0.00)
UAL2_RM	Armature|IdleToLay	3,00	True	True	0,304	(0.01, -0.29, -0.09)
UAL2_RM	Armature|Sword_Heavy_Combo	4,33	True	True	0,246	(-0.10, 0.00, 0.23)
