family_id,family,c01_family,status,evidence,public_route,retained_state,horizon,authority_risk,replacement_risk,disposition,rationale
character.kernel,"Character kernel for Player and NPC (Character component + CharacterKernel units, Busy, Phases, Time)",character.unit.motion,PRESENT,C02 results/c02_result.json and results/c02g_result.json (GC2 player body + J2 input on the accepted route; NPC; identity audit empty); C07 results/c07_result.json (amended composition); C03 results/c03_result.json,"GameObject/Game Creator/Characters/Player|Character menu (CharacterEditor.CreatePlayer/CreateCharacter); Character public API (Motion, Driver, Facing, Animim, Interaction, Gestures, States, IK, Footsteps, Ragdoll); kernel units via serialized m_Kernel.*",S3 Character serialized state; S4 model instance; S5 transient CharacterController/NavMeshAgent,H2 (player body per S06 amendment) / H4 (NPC bodies),Low: no ID fields; holds only execution/presentation parameters; Juego2 identity via ArkusEntityBinding,"Medium: player+NPC bodies depend on GC2 kernel; Juego2 seams (input map, camera rig, Arkus bindings, adapters) stay GC2-free; H2F-01 minimal controller remains the documented fallback",USE_FOUNDATION_NOW,One kernel realizes both player and NPC bodies; the player body is the S06 amendment (S06_BASELINE_AMENDMENT.md) with Juego2 input and the amended GC2 camera; route metrics match the H2F-01 minimal controller (C02/C02g/C07)
character.player_input_unit,Player input unit (UnitPlayerDirectional and other TUnitPlayer units),character.unit.player-input,PRESENT,"C02 results/c02_result.json (player_input_unit=UnitPlayerDirectional, J2_Input/Player/Move enabled); C07 results/c07_result.json",Serialized m_Kernel.m_Player; camera-relative move reads ShortcutMainCamera (the MainCamera-tagged Cinemachine output camera),S3 kernel.m_Player with input binding reference to the Juego2 action asset (S10),H2,"Low: reads input, writes motion only",Low: unit is replaceable by another TUnitPlayer (public base) without touching Juego2 input ownership,USE_FOUNDATION_NOW,Directional unit consumes the Juego2 action map; camera-relative motion works with the Cinemachine camera
input.inputsystem_bridge,"Input System action bridge (InputValueVector2InputAction, InputButtonInputAction*, InputActionFromAsset)",input.value;input.button,PRESENT,C02 results/c02_result.json (enabled_input_actions includes J2_Input/Player/Move; route arrived with 0 stalls); C07 results/c07_result.json,"Serialized InputPropertyValueVector2.m_Input = InputValueVector2InputAction {asset, map, action}; Juego2 enables the asset (GC2 does not)",S3 reference to Juego2 action asset (S10),H2,"Low: Juego2 remains the input owner (asset, bindings, enable/disable lifecycle)",Low: a pure reader of a Juego2 InputAction,USE_FOUNDATION_NOW,Keeps the H2F-01 input winner (Input System action map owned by Juego2) while feeding GC2 bodies
input.gc2_default_bindings,"GC2 default device inputs (Primary Motion, keyboard/mouse/gamepad/touch values, TouchStick UI) and InputManager",input.value;input.button,PRESENT,"C02 results/c02_result.json and results/c02g_result.json (with the NPC preset rule and the camera Look/Zoom bindings the enabled actions are only J2_Input/Player/{Move,Look,Zoom,Interact} plus Unity debug-menu actions; workspace-A development runs without them showed loose GC2 Primary/Secondary Motion and Zoom device actions); C07 results/c07_result.json",Stock TInputValue/TInputButton device types; InputManager singleton (auto),S3 default input entries on non-player Characters; S13 InputManager,H2,Low (only applied when IsPlayer) but duplicates device reading,Low,REDUNDANT_WITH_SELECTED_STACK,"The Juego2 action map is the single input owner; presets bind every GC2 input property that is used (player move, camera orbit/zoom) to Juego2 actions and set dormant NPC player units to none"
locomotion.facing,"Locomotion and rotation (UnitMotionController, UnitFacing*: pivot, direction, target, tank, pointer)",character.unit.facing,PRESENT,"C02 results/c02_result.json (route 40.5 s, 0 stalls, 0 jerk frames); C07 results/c07_result.json","Serialized m_Kernel.m_Motion (height 1.8, radius 0.28, speed) and m_Kernel.m_Facing; runtime Motion.* setters",S3 motion/facing parameters,H2,Low,Low,USE_FOUNDATION_NOW,Matches the project agent (0.28/1.8) and the civilian walk 1.45 m/s on the accepted route
driver.controller,"Character driver on CharacterController (UnitDriverController, DriverControllerComponent)",character.unit.driver,PRESENT,C02 results/c02_result.json (player_driver=UnitDriverController; foot bone 0.026 m above ground; skin 0.08); C07 results/c07_result.json,Serialized m_Kernel.m_Driver (default); adds a hidden CharacterController at startup,S5 transient CharacterController,H2,Low,Medium: same underlying Unity CharacterController as the H2F-01 minimal controller,USE_FOUNDATION_NOW,Player body driver under the S06 amendment
navigation.navmesh_driver,Navigation hooks: UnitDriverNavmesh + Motion.MoveToLocation/MoveToTransform/StartFollowingTarget + navigation instructions,character.unit.driver,PRESENT,C02 results/c02_result.json (npc_nav_success=true 7.5 s on AI Navigation NavMesh); C03 results/c03_result.json; C07 results/c07_result.json (NPC to seat),"Serialized m_Kernel.m_Driver = UnitDriverNavmesh; public IUnitMotion.MoveToLocation(Location, stop, onFinish)",S5 transient NavMeshAgent; uses the H2F-01 AI Navigation NavMesh,H4,Medium: executes a destination; Arkus/H3 decides where/why,Low: AI Navigation remains the navmesh; only the executor call is GC2,USE_LATER_DO_NOT_DUPLICATE,H4 NPC local movement should call this executor instead of writing a bespoke NavMeshAgent wrapper; decision of destination stays Arkus-owned
navigation.markers,"Markers (Marker component, TMarkerType, marker IDs, SpatialHashMarkers)",navigation.marker-type,PRESENT,"C01 results/c01_core_surface_windowed.json (navigation.marker-type, Marker MonoBehaviour); not exercised",Marker component + Location(Marker),would be S3-like authored markers,H4,Medium: marker IDs must never become canonical anchors,Low,LOCAL_EXECUTION_ONLY,May be used as local transient move targets generated from Juego2 anchors; never as authored identity
camera.gc2_camera_shots,"GC2 camera system (MainCamera, ShotCamera, 8 shot types, camera instructions)",camera.shot-type;camera.component,PRESENT,"C02 results/c02g_result.json (GC2 Main Camera + Third Person shot, J2 Look/Zoom: arrived, 0 clip, 0 occluded, rendered body visibility) vs results/c02_result.json (Cinemachine); C07 results/c07_result.json (amended composition: one camera, no Cinemachine brain); owner judgement OWNER_JUDGEMENT.md; captures/owner/S06_amendment_camera_route.png",GC2 MainCamera on the MainCamera-tagged URP camera + ShotCamera (serialized m_ShotType = ShotTypeThirdPerson; m_ThirdPerson.m_Radius/m_Align; m_ThirdPerson.m_InputRotate and m_Zoom.m_InputZoom bound to J2 Look/Zoom),Serialized MainCamera/ShotCamera configuration (camera preset),"H2 (player camera, S06 amendment)",Low: presentation only; input stays Juego2-owned,Medium: the player camera tuning surface becomes GC2 shot parameters; the Cinemachine rig (J2CameraRig) stays documented as the displaced alternative,USE_FOUNDATION_NOW,"S06 amendment, camera part chosen by the owner: equal route metrics, better framing at the enterable Bar F01 threshold (rendered visibility in PROBE_RESULTS.md); Cinemachine is displaced for the player camera role"
character.model_avatar_animation,"Model/avatar assignment and animation execution (ChangeModel, Animim Kinematic, AnimimGraph driving a Juego2 AnimatorController)",character.unit.animim,PRESENT,"C02 results/c02_result.json (J2_Citizen, avatar human+valid, controller J2_UAL_Locomotion, foot 0.026 m); C04 results/c04_result.json; C07 results/c07_result.json","Character.ChangeModel(prefab, {controller}); GC2 writes normalized Speed/Speed-X/Z/Grounded parameters",S4 model instance; Juego2 UAL controller asset,H2,Low,Low: animation content stays Juego2 UAL; explicit Humanoid mapping carries through,USE_FOUNDATION_NOW,The ART citizen with the H2F-01 explicit avatar mapping animates through GC2 on the UAL baseline (no GC2 locomotion clips needed)
character.animation_state_assets,"GC2 locomotion/animation state assets and bundled locomotion clips (StateCompleteLocomotion, CompleteLocomotion.controller, Human@* clips)",character.animation-state-asset,PRESENT,C04 results/c04_result.json (GC2 locomotion walker used only as footsteps comparison); C02 results/c02_result.json (UAL controller used instead),State assets / controllers,S9 vendor content not retained,H2/H4,Low,Low,REDUNDANT_WITH_SELECTED_STACK,"UAL1/UAL2 is the selected animation baseline; GC2 clips duplicate it (exception: ragdoll recovery clips, see ragdoll.recovery)"
gestures_states,Gestures (one-shot) and States (layered/looping) animation outputs + instructions,none,PRESENT,"C04 results/c04_result.json (UAL Interact gesture excursion 0.607 m, playing then stopped; UAL Sitting_Idle_Loop state hips 0.822 to 0.47, held after one loop, restored after Stop); C07 results/c07_result.json","Character.Gestures.CrossFade(clip, mask, BlendMode, ConfigGesture, stop); Character.States.SetState(clip, mask, layer, BlendMode, ConfigState) / Stop",none (runtime playables); clip inputs are Juego2 UAL,H4,Low: presentation only,Low,USE_LATER_DO_NOT_DUPLICATE,"H4 NPC presentation (talk, sit, drink, gesture) should layer UAL clips through this API instead of a bespoke Playables/Animator layer system"
ik.look_at,"Look-at IK (RigLookTo, LookToTransform/Position, IK instructions)",character.ik-rig,PRESENT,C04 results/c04_result.json (head-to-target angle 45.2 to 3.9 deg on the Quaternius skeleton); C07 results/c07_result.json (NPC looks at player),Character.IK.RequireRig<RigLookTo>().SetTarget/RemoveTarget(ILookTo); max angle 90 deg,none (runtime); ClearTargets skips layer 0 (use RemoveTarget),H4,Low,Low,USE_LATER_DO_NOT_DUPLICATE,H4 attention/look-at presentation should use it; Animation Rigging stays the contact-IK tool selected by H2F-01
ik.other_rigs,"Other Core rigs (FeetPlant, AlignGround, Lean, Breathing, Twitching, AimTowards)",character.ik-rig,PRESENT,"C01 results/c01_core_extension_types.tsv (character.ik-rig, 7 types); not exercised",IK.RequireRig<T>(),none,H4,Low,Low,DEFER_EVALUATION,Not probed; feet planting/lean could matter for stairs/slopes; H4 evaluates on representative content before relying on them
footsteps.material_sounds,"Footsteps (phases, Fulcrum/AnimationCurves detectors) + MaterialSounds texture-keyed surface mapping + impacts",character.footstep-detector,PRESENT,C04 results/c04_result.json (ART Cobble and WoodDark _BaseMap map to distinct clips: 18 cobble + 19 wood plays = 37 steps; UAL+Fulcrum 13 steps vs GC2-curves 24 over 10 m); C07 results/c07_result.json (player 62 step events on the route),"Serialized m_Footsteps.{m_FootstepSounds.m_SoundsAsset, m_FootstepDetector}; MaterialSoundsAsset (m_TextureName=_BaseMap)",S7 MaterialSoundsAsset (Juego2),H2 audio/H4,Low,Low,USE_LATER_DO_NOT_DUPLICATE,Surface-aware footsteps on ART materials work without bespoke code; Fulcrum threshold needs tuning for UAL walk cadence (residual)
ragdoll.recovery,Ragdoll and recovery (RagdollDefault + Skeleton volumes + recover clips),character.ragdoll,PRESENT,"C04 results/c04_result.json (ragdoll hips 0.153 m; recovered, not ragdoll, hips 0.898, moved 1.31 m afterwards); C07 results/c07_result.json","Serialized m_Ragdoll.m_Ragdoll = RagdollDefault {m_BoneRack.m_Skeleton, m_RecoverFaceUp/Down}; Character.Ragdoll.StartRagdoll()/StartRecover()",S3 config; S5 transient bone physics; S8 vendor Skeleton + recover clips,H4/H5,Low,Low: needs no extra module; uses GC2 Core recovery clips,USE_LATER_DO_NOT_DUPLICATE,Knock-down/fall presentation should use it rather than a bespoke ragdoll; no combat claim
interaction.focus_interact,"Interaction focus and interact (Character.Interaction, InteractionTracker, InteractionMode near-character/screen, Trigger On Interact, Interact instruction)",character.interactive;character.interaction-mode,PRESENT,"C03 results/c03_result.json (player focus door/mug/unbound via J2 Interact; NPC focus chair/mug via public Interact(); Arkus accepted/rejected); C07 results/c07_result.json (NPC seat, player mug)",Character.Interaction.Interact()/Target/EventFocus; Trigger with EventCharacterOnInteract (Trigger.Reconfigure),S5 transient InteractionTracker; S6 authored Trigger data,H3,Medium: executes the interaction; the semantic transition is an Arkus request that may be rejected,Low,USE_LATER_DO_NOT_DUPLICATE,H3 world-object interaction should route focus/interact through GC2 and keep semantics in Arkus; no bespoke focus/proximity system
interaction.hotspot_spots,"Hotspot affordance component (proximity activation); Spot presentation types (cursor, look, material, text, sound, activate object, instantiate prefab)",visual-scripting.hotspot-spot,PRESENT,"C03 results/c03_result.json (hotspot inactive at start, active near door, 1 activation)",Hotspot component (serialized m_Radius/m_Target/m_Spots),S6 authored Hotspot data,H3,Low: presentation,Low,USE_LATER_DO_NOT_DUPLICATE,DO_NOT_DUPLICATE applies to Hotspot activation (proven in C03): no bespoke proximity-affordance trigger. The individual Spot presentation types were not exercised; H3 verifies the chosen Spot on representative content before relying on it
vs.custom_extensions,"Custom Instructions, Conditions, Events and Properties (Juego2 adapter surface)",visual-scripting.instruction;visual-scripting.condition;visual-scripting.event;property.get,PRESENT,C05 results/c05_result.json (Condition reads Arkus fact; Instruction requests lamp.on; Properties resolve Juego2 entity/fact; Event on Arkus fact change runs the Trigger; close path stops at the condition); C03 results/c03_result.json; C07 results/c07_result.json,"Public abstract bases Condition, Instruction, Event, PropertyTypeGetString/GameObject; [Title]/[Category] make them appear in GC2 pickers",S6 serialized adapter entries (type names frozen),H2 (seam) / H3-H6,Low: adapters never store state; only read facts or submit Arkus requests,"Low: ~200 lines, public bases only, no reflection",USE_FOUNDATION_NOW,The Arkus to GC2 public seam that every later GC2 use goes through
vs.stock_library,"Stock visual-scripting runtime (Trigger, Actions, Conditions components, 317 instructions, 93 conditions, 67 events, 402 get/103 set properties, signals, runners)",visual-scripting.instruction;visual-scripting.condition;visual-scripting.event;property.get;property.set,PRESENT,"C05 results/c05_result.json (stock CheckConditions + Light Intensity + Debug Text driven by Juego2 conditions/properties); C03 results/c03_result.json (stock Debug Text gated by Arkus acceptance, once)","Trigger.Reconfigure(event, InstructionList); stock item fields through serialization",S6 authored lists,H3/H6,"High if misused: stock instructions can move/destroy/instantiate objects, load scenes, set variables",Medium,LOCAL_EXECUTION_ONLY,Allowed for local execution/presentation after an Arkus decision; never to mutate keeper/canonical state directly (lint in H2F-02)
variables,"Variables (Global/Local Name/List Variables, variable properties/events/instructions)",variables.value-type,PRESENT,C06 results/c06_result.json (GC2 writes data-0001-global-name-variables and global-list-variables into every save even when unused); C01 results/c01_core_surface_windowed.json,LocalNameVariables/GlobalNameVariables assets and properties,S11 if used,H6,High: a parallel fact store if used for world truth,Low,LOCAL_EXECUTION_ONLY,Presentation/session convenience only; Juego2 facts come from Arkus through the adapter properties
save.host_storage,"Save/load host and storage (SaveLoadManager, IGameSave, TDataStorage, TDataEncryption, slots)",save.game-save-host;save.storage;save.encryption,PRESENT,"C06 results/c06_result.json (versioned Juego2 payload roundtrip digest match; foreign version refused by Arkus; Juego2 storage backend, no PlayerPrefs residue; GC2 Load reloads the scene; greedy reset re-applies the subscribe-time snapshot); C07 results/c07_result.json",SaveLoadManager.Subscribe(IGameSave)/Save/Load/Delete; core.general m_Repository.m_Save.m_Storage = TDataStorage subclass,S2 core.general storage choice; S12 save data,H6,High: Load reloads the saved scenes by name (bypasses H1 materialization); greedy reset writes the subscribe-time snapshot through the host,Medium,DEFER_EVALUATION,"Feasible as a transport for an opaque Arkus payload, but its scene-owning load path conflicts with H0/H1 snapshot/replay and materialization authority; H6 decides with this evidence"
save.remember,"Remember component + Memories/Tokens (transform, active, name, tag, layers, light, component state)",save.remember-memory,PRESENT,"C01 results/c01_core_extension_types.tsv (save.remember-memory, 11 types); C06 results/c06_result.json (save keys are GC2-keyed)",Remember component,S14,H6,High: persists world-object state keyed by GC2 unique IDs,Medium,REJECT_CAPABILITY,"Would create a second, plugin-keyed persistence of world objects; keeper object state is Arkus-owned"
runtime.managers,"Runtime managers created automatically (Application, Async, Pool, EventSystem, Time, Update, Schedule, Room managers; spatial hashes)",runtime.manager-singleton,PRESENT,"C02 results/c02_result.json; C07 results/c07_result.json (composition clean, console_errors=0, one camera, one brain, no PlayerInput); C01 results/c01_core_surface_windowed.json (52 auto hooks)",RuntimeInitializeOnLoadMethod (automatic),S13 transient,H2,Low,Low,LOCAL_EXECUTION_ONLY,Required plumbing of Core; no canonical state; present in every play session
audio.manager,"AudioManager channels (SFX, music, ambient, speech, UI), snapshots, audio instructions/events",none,PRESENT,C04 results/c04_result.json (footstep clips played through AudioManager); C01 results/c01_core_surface_windowed.json,AudioManager.Instance.*; audio instructions,S2 core.general audio mixers; S13,H2 audio / H6,Low,Low,DEFER_EVALUATION,Used implicitly as the footstep sink; the final audio pipeline is an explicit H2F non-claim
scenes.instructions,Scene load/unload instructions and GC2 scene save token,none,PRESENT,C06 results/c06_result.json (gc2_load_reloaded_scene=true); C01 results/c01_core_extension_types.tsv,InstructionCommonSceneLoad/Unload; Scenes IGameSave,S12 scenes key,H6,High: loads scenes outside the H1 materialize/reconcile path,Low,REJECT_CAPABILITY,Scene realization belongs to the H1 bridge; GC2 must not load or reload keeper scenes
ui.unityui_bindings,"uGUI bindings (ButtonInstructions, TextPropertyString, Slider/Toggle/InputField/Dropdown properties, EventCallback)",none,PRESENT,C01 results/c01_core_surface_windowed.json (publicMonoBehaviours); not exercised,UnityUI components,none,H2 UI / H6,Low,Low,DEFER_EVALUATION,UI and localization are not decided by H2F; evaluate with the UI owner
console.runtime,"Runtime console (GameCreator.Runtime.Console, commands)",none,PRESENT,"C01 results/c01_core_surface_windowed.json (namespace GameCreator.Runtime.Console, 27 public types; auto-initialized)",automatic,S13,tooling,Medium: commands must not mutate canonical state,Low,DEFER_EVALUATION,Dev convenience; Arkus harness tooling is the authority for inspection/mutation
combat.core_primitives,"Core combat scaffolding without Melee (Combat, Weapons, Shields, Poise, Invincibility, Targets, Reactions, Munition)",none,PRESENT,C01 results/c01_core_surface_windowed.json; not exercised,Character.Combat and combat instructions,none,H5,Medium,Low,DEFER_EVALUATION,H5 decides; no combat system is claimed; Melee (separately licensed) is not in scope
motion.jump_dash,"Jump, air jumps, dash and airborne states",none,PRESENT,C01 results/c01_core_surface_windowed.json (Jump/Dash features); not exercised,IUnitMotion.Jump/Dash; instructions,S3 motion flags,H2/H4,Low,Low,DEFER_EVALUATION,Not part of the civilian baseline; the Juego2 character preset keeps them unbound
props.attach,"Props attached to bones (PropPrefab, PropSkin, Armature)",none,PRESENT,C01 results/c01_core_surface_windowed.json; not exercised,Character.Props; attach/remove prop instructions,none,H3/H4,Low,Low,DEFER_EVALUATION,Useful for held items (the mug) but not probed; H3/H4 evaluates before relying on it
editor.authoring_ui,"Editor authoring surface (GC2 inspectors, polymorphic pickers, GameObject/Game Creator creation menus, Trigger.Reconfigure)",none,PRESENT,C02 results/c02_authoring_paths.txt; C03 results/c03_authoring_paths.txt; C05 results/c05_authoring_paths.txt; C04 results/c04_authoring_paths.txt; C07 results/c07_authoring_paths.txt,CharacterEditor.CreatePlayer/CreateCharacter; ShotCameraEditor.CreateElement; SerializedObject paths (Inspector surface),authored S3/S6,H2,Low,Medium: stock field paths are private serialized names that can change across GC2 versions,USE_FOUNDATION_NOW,The route by which retained GC2 state is authored; paths are frozen per exact version in PUBLIC_AUTHORING_SURFACE.md
editor.hub_installs_updates,"Hub, Installs (nested Blockout/Characters/Examples packages), Welcome window, update/version checks",none,PRESENT,"C01 results/c01_core_surface_windowed.json (GameCreator.Editor.Hub, GameCreator.Editor.Installs, network hooks to gamecreator.io)",Editor windows,S2 core.welcome/core.updates,none,Medium: network content/installs outside reviewed provisioning,Low,REJECT_CAPABILITY,"Only the pinned package through the Assets-only route is admitted; no hub content, example packages or network installs"
platform.2d_mobile,"2D physics instructions/events, axonometry, mobile touch sticks",none,PRESENT,C01 results/c01_core_surface_windowed.json (physics2d module required to compile; TouchStick components),stock items,none,none,Low,Low,REJECT_CAPABILITY,Out of Juego2 scope; only the physics2d module dependency is accepted so Core compiles
tests.vendor,Vendor test assembly (GameCreator.Tests.Core),none,PRESENT,"C01 results/c01_core_surface_windowed.json (UNITY_INCLUDE_TESTS, autoReferenced false)",Unity Test Runner,vendor bytes,H2F-02,None,None,DEFER_EVALUATION,H2F-02 decides whether to keep or strip it from the provisioned bytes
